:ID,threadID,:LABEL
t1,BTBBNN,MailThread
t2,RA22JN,MailThread
t3,B2MYMW,MailThread
t4,YLQR56,MailThread
t5,HZ5K7N,MailThread
t6,1OSZJ0,MailThread
t7,Y9DA8T,MailThread
t8,O41MZ6,MailThread
t9,FU6Z67,MailThread
t10,QUWSCC,MailThread
t11,N6G5GS,MailThread
t12,8HDJWN,MailThread
t13,L2Y0O9,MailThread
t14,394526,MailThread
t15,57B7BE,MailThread
t16,E6LKXQ,MailThread
t17,8WE3KG,MailThread
t18,PC25TD,MailThread
t19,ZXHDJ7,MailThread
t20,ZFOPAG,MailThread
t21,O99TSJ,MailThread
t22,REK2HE,MailThread
t23,H5Q1QF,MailThread
t24,J4ZGUT,MailThread
t25,BD6AHQ,MailThread
t26,KRRQWM,MailThread
t27,BLWF4W,MailThread
t28,VVJK7G,MailThread
t29,G3612I,MailThread
t30,VF1S4V,MailThread
t31,9QGL08,MailThread
t32,779OLO,MailThread
t33,BQC3MP,MailThread
t34,Z5O6SR,MailThread
t35,0DR9C4,MailThread
t36,N4M2FE,MailThread
t37,X4CYV3,MailThread
t38,RL83QZ,MailThread
t39,4M08MD,MailThread
t40,82ID5J,MailThread
t41,0T3V2Z,MailThread
t42,P6USYK,MailThread
t43,FDBCWG,MailThread
t44,LWKVQM,MailThread
t45,B4QJSZ,MailThread
t46,MPXJNI,MailThread
t47,QHLRAW,MailThread
t48,NSIAML,MailThread
t49,R8RNGO,MailThread
t50,XBASHW,MailThread
t51,DDJCQG,MailThread
t52,JEC426,MailThread
t53,4K9CVY,MailThread
t54,HE2877,MailThread
t55,I8JNY5,MailThread
t56,ZZX6BW,MailThread
t57,N55V3R,MailThread
t58,33EKHT,MailThread
t59,YNG0NA,MailThread
t60,V6TE1R,MailThread
t61,ALQNXI,MailThread
t62,41WMIL,MailThread
t63,1I2JNO,MailThread
t64,875N4I,MailThread
t65,GGM0ZF,MailThread
t66,B9UCRL,MailThread
t67,VR5B80,MailThread
t68,QFQ3OX,MailThread
t69,AYGL7I,MailThread
t70,8L5F06,MailThread
t71,7N64FG,MailThread
t72,YAFOLQ,MailThread
t73,4NII93,MailThread
t74,QCKXT9,MailThread
t75,HLDPQO,MailThread
t76,FPHA40,MailThread
t77,GUOAF3,MailThread
t78,DR62FJ,MailThread
t79,BMRRLY,MailThread
t80,TPAI4S,MailThread
t81,042VP8,MailThread
t82,AUR8Q8,MailThread
t83,DPRO3Z,MailThread
t84,KEH4H7,MailThread
t85,F77GY5,MailThread
t86,BGXDLF,MailThread
t87,BRYGQO,MailThread
t88,UANLK3,MailThread
t89,86XEON,MailThread
t90,6TH4V9,MailThread
t91,9Z1N4H,MailThread
t92,4PBRJP,MailThread
t93,N6EOO6,MailThread
t94,QXIZJ4,MailThread
t95,74N3OO,MailThread
t96,5PZCGW,MailThread
t97,MIJPE7,MailThread
t98,1GRQO5,MailThread
t99,G6QIYE,MailThread
t100,2KGMUT,MailThread
t101,PSNHED,MailThread
t102,ROVEH2,MailThread
t103,LKO9EN,MailThread
t104,7792ZP,MailThread
t105,X7RSBS,MailThread
t106,L9QXVX,MailThread
t107,5JPAGT,MailThread
t108,V5P6CX,MailThread
t109,MWUL26,MailThread
t110,6AKYBF,MailThread
t111,GN2VCT,MailThread
t112,MGVIHA,MailThread
t113,C0E2V4,MailThread
t114,0VRESR,MailThread
t115,RS8SS2,MailThread
t116,7WRCU7,MailThread
t117,H2BA4B,MailThread
t118,J1FCSM,MailThread
t119,OZ8MXO,MailThread
t120,X8VXXV,MailThread
t121,INU8YD,MailThread
t122,SC5CC5,MailThread
t123,JQI0FQ,MailThread
t124,MF63WP,MailThread
t125,E0OL9G,MailThread
t126,A38KMR,MailThread
t127,SAUH7V,MailThread
t128,URLPPG,MailThread
t129,O3RE0T,MailThread
t130,L4T01W,MailThread
t131,KC59RV,MailThread
t132,7B8SXL,MailThread
t133,G72I87,MailThread
t134,R2S1EA,MailThread
t135,CPN553,MailThread
t136,SYGTUB,MailThread
t137,526A8B,MailThread
t138,JZH791,MailThread
t139,JI8O0C,MailThread
t140,4N3PBO,MailThread
t141,UA6GOV,MailThread
t142,3807C7,MailThread
t143,IIFI2K,MailThread
t144,YX33PA,MailThread
t145,OCNPG0,MailThread
t146,XUSDO2,MailThread
t147,8OKSMH,MailThread
t148,NTP9Q5,MailThread
t149,I8430E,MailThread
t150,VROL1L,MailThread
t151,CX1HWB,MailThread
t152,QL1370,MailThread
t153,WE06JF,MailThread
t154,GJH2KG,MailThread
t155,8AP9YO,MailThread
t156,3Q2FAH,MailThread
t157,8H48XT,MailThread
t158,AOY4EF,MailThread
t159,0CMJWN,MailThread
t160,C8FLS0,MailThread
t161,VCM3GJ,MailThread
t162,SRGGI2,MailThread
t163,LG7DNG,MailThread
t164,25XD85,MailThread
t165,BTCXKC,MailThread
t166,RP9D3R,MailThread
t167,QT8CAY,MailThread
t168,Q2FUEC,MailThread
t169,L7T03Z,MailThread
t170,EHEZ9N,MailThread
t171,YNZIHS,MailThread
t172,T4J2CU,MailThread
t173,3VEP12,MailThread
t174,6LV90F,MailThread
t175,W6UY13,MailThread
t176,N6GJ1G,MailThread
t177,3HV7AE,MailThread
t178,AT50K2,MailThread
t179,Y0674W,MailThread
t180,72R3K7,MailThread
t181,BEYAQF,MailThread
t182,A9CPIQ,MailThread
t183,VG9F7T,MailThread
t184,SBAKYX,MailThread
t185,YL8M9N,MailThread
t186,V8VWVU,MailThread
t187,8YWBUG,MailThread
t188,XZ1JCI,MailThread
t189,IBM0RR,MailThread
t190,XG48QJ,MailThread
t191,PMBW07,MailThread
t192,Y9X04M,MailThread
t193,K414NQ,MailThread
t194,ZWPDCY,MailThread
t195,S68Q6L,MailThread
t196,QYPEUD,MailThread
t197,9DXZR0,MailThread
t198,XWNWYI,MailThread
t199,N0EBZ1,MailThread
t200,CNKRXB,MailThread
t201,KL919P,MailThread
t202,7NOJYO,MailThread
t203,WFB93D,MailThread
t204,IR32JN,MailThread
t205,VTM5Z1,MailThread
t206,LVSIG4,MailThread
t207,BDUWF8,MailThread
t208,6XBTPH,MailThread
t209,G19OUX,MailThread
t210,8S8P7X,MailThread
t211,HZJS28,MailThread
t212,G05U3J,MailThread
t213,17PFW0,MailThread
t214,WGA8TD,MailThread
t215,3L0EBR,MailThread
t216,Y1DYSF,MailThread
t217,8J4MZ8,MailThread
t218,YLX3H3,MailThread
t219,XXRP3V,MailThread
t220,TNBQ1K,MailThread
t221,SVSJ8N,MailThread
t222,J1UXIG,MailThread
t223,ZKACHK,MailThread
t224,H4CCWZ,MailThread
t225,DUQRQA,MailThread
t226,JEFPHW,MailThread
t227,9VIO4R,MailThread
t228,81TWVD,MailThread
t229,F84YAR,MailThread
t230,SW7H32,MailThread
t231,WBAB86,MailThread
t232,HV916I,MailThread
t233,8G1PR2,MailThread
t234,9E83VA,MailThread
t235,CAFY7P,MailThread
t236,W7GT3Z,MailThread
t237,CQWUII,MailThread
t238,071A0Z,MailThread
t239,GVNBJB,MailThread
t240,73S54O,MailThread
t241,R2TAOH,MailThread
t242,ATW3BG,MailThread
t243,WR7LFR,MailThread
t244,LMQFSM,MailThread
t245,IX0UVS,MailThread
t246,8DH1D6,MailThread
t247,9BFY44,MailThread
t248,3HSYSX,MailThread
t249,XK2KZS,MailThread
t250,R6HQP6,MailThread
t251,FSDFEV,MailThread
t252,7PG05I,MailThread
t253,A06AMS,MailThread
t254,0RPYJ3,MailThread
t255,1FQTDE,MailThread
t256,OF77ER,MailThread
t257,GFSFZE,MailThread
t258,R6RMHV,MailThread
t259,AGO7BF,MailThread
t260,94OYKF,MailThread
t261,CP6AG4,MailThread
t262,TG9AMR,MailThread
t263,CYNB53,MailThread
t264,N9PBZN,MailThread
t265,DHQI22,MailThread
t266,0JPAFH,MailThread
t267,PQLNMZ,MailThread
t268,QI48SN,MailThread
t269,NL6U5C,MailThread
t270,WHEK5L,MailThread
t271,YRDRSO,MailThread
t272,RHNTQC,MailThread
t273,JTZGT7,MailThread
t274,E3S690,MailThread
t275,WTYDED,MailThread
t276,IPU90D,MailThread
t277,1H39JN,MailThread
t278,VUTUH8,MailThread
t279,81XO2W,MailThread
t280,Y2G8L4,MailThread
t281,M9991S,MailThread
t282,C41MFH,MailThread
t283,009D9G,MailThread
t284,NHELWF,MailThread
t285,7MSZ27,MailThread
t286,V3EFY1,MailThread
t287,DUDFZF,MailThread
t288,7RGC9D,MailThread
t289,HJQELT,MailThread
t290,WBVVSC,MailThread
t291,01ZS2J,MailThread
t292,ZO9ETX,MailThread
t293,939A6T,MailThread
t294,B9QBWX,MailThread
t295,VU7UC4,MailThread
t296,SU1RSM,MailThread
t297,OEAGLJ,MailThread
t298,RKBYD1,MailThread
t299,WMYYHB,MailThread
t300,E0Q111,MailThread
t301,QNTMLM,MailThread
t302,701IKY,MailThread
t303,3J3UKA,MailThread
t304,UA6EO9,MailThread
t305,961Z77,MailThread
t306,6UIFOD,MailThread
t307,XTDLJ0,MailThread
t308,9YEV1W,MailThread
t309,YA4J9Z,MailThread
t310,MFZS4B,MailThread
t311,TNP5E1,MailThread
t312,NJ43M1,MailThread
t313,S2H8LJ,MailThread
t314,F832ZO,MailThread
t315,VDLKN5,MailThread
t316,OKORDR,MailThread
t317,ASOB5F,MailThread
t318,LJRN13,MailThread
t319,DS1489,MailThread
t320,R37ZKC,MailThread
t321,0P79M2,MailThread
t322,RRKYS4,MailThread
t323,G1LKUY,MailThread
t324,0E9341,MailThread
t325,5CNWBA,MailThread
t326,IYKEO3,MailThread
t327,M8AOY6,MailThread
t328,X812U2,MailThread
t329,RQUAUN,MailThread
t330,R0CFUU,MailThread
t331,HJ6FMN,MailThread
t332,5UP5QQ,MailThread
t333,RQOWMC,MailThread
t334,S24TE0,MailThread
t335,VPU5GM,MailThread
t336,HMHYRU,MailThread
t337,IS74RA,MailThread
t338,5WI0EF,MailThread
t339,8UU2ZE,MailThread
t340,K9N0N7,MailThread
t341,JB77FK,MailThread
t342,DNVINK,MailThread
t343,2L8VW2,MailThread
t344,FJXGUC,MailThread
t345,YEUUHU,MailThread
t346,JU5O93,MailThread
t347,C1XK60,MailThread
t348,L78KRK,MailThread
t349,QE8AG0,MailThread
t350,5NCUDJ,MailThread
t351,310M03,MailThread
t352,HVG1YH,MailThread
t353,6HMM3J,MailThread
t354,AEE4LX,MailThread
t355,5UJEQY,MailThread
t356,LVG3UG,MailThread
t357,F6CI2Z,MailThread
t358,9CGQ7Y,MailThread
t359,N7XAG0,MailThread
t360,9UFO64,MailThread
t361,DBZJ97,MailThread
t362,9KW0OY,MailThread
t363,02OR01,MailThread
t364,U3H5YV,MailThread
t365,5P1VF4,MailThread
t366,UVMWB0,MailThread
t367,1XUAYA,MailThread
t368,SC4KJR,MailThread
t369,9OK7ZS,MailThread
t370,YMUFX4,MailThread
t371,EFOUOG,MailThread
t372,QEL8NC,MailThread
t373,4LUG1C,MailThread
t374,Y58D7K,MailThread
t375,TZZ5P8,MailThread
t376,L6Q91X,MailThread
t377,20N1SF,MailThread
t378,GM2JJP,MailThread
t379,5QDHCT,MailThread
t380,FRP8E0,MailThread
t381,XOP4Y3,MailThread
t382,80208J,MailThread
t383,TE4SP6,MailThread
t384,VFKMSW,MailThread
t385,A9F3R9,MailThread
t386,0IDUSW,MailThread
t387,2WR11Z,MailThread
t388,YYRE7B,MailThread
t389,YLV9DF,MailThread
t390,7MYAI0,MailThread
t391,OEZQDU,MailThread
t392,2N9FN6,MailThread
t393,98OB6N,MailThread
t394,B0R8PJ,MailThread
t395,8HUP7H,MailThread
t396,ZR7E8X,MailThread
t397,IOOYM5,MailThread
t398,NPIHM5,MailThread
t399,S8CUT4,MailThread
t400,MNOO51,MailThread
t401,0ZEB34,MailThread
t402,H0ZLUA,MailThread
t403,M1F0KA,MailThread
t404,HJL17A,MailThread
t405,TBUJGM,MailThread
t406,1J0JKY,MailThread
t407,XMXJXY,MailThread
t408,IIZR5H,MailThread
t409,O0AOTC,MailThread
t410,WHWZIV,MailThread
t411,FOL7M4,MailThread
t412,75OGSA,MailThread
t413,KWY0BW,MailThread
t414,S14AT0,MailThread
t415,E5ZQXI,MailThread
t416,WOGI44,MailThread
t417,Y0UJSL,MailThread
t418,8B7ELA,MailThread
t419,K241SL,MailThread
t420,TTOQ4O,MailThread
t421,APH5LL,MailThread
t422,DMXES5,MailThread
t423,CVVNEJ,MailThread
t424,NHEV2K,MailThread
t425,BRIAGA,MailThread
t426,711Z7U,MailThread
t427,2DE83G,MailThread
t428,VF6U8Q,MailThread
t429,8Q9S6L,MailThread
t430,E0CDVQ,MailThread
t431,SSK5H8,MailThread
t432,4X69T3,MailThread
t433,ETAG9W,MailThread
t434,HLJTWT,MailThread
t435,SZX5UI,MailThread
t436,DR8CSY,MailThread
t437,HOLJGN,MailThread
t438,MNPJNT,MailThread
t439,HVP427,MailThread
t440,D57I55,MailThread
t441,RYPFBJ,MailThread
t442,ML956T,MailThread
t443,HEJSVG,MailThread
t444,KQ8NH0,MailThread
t445,33D7ZP,MailThread
t446,F52YLO,MailThread
t447,9JVUJE,MailThread
t448,5Y53F0,MailThread
t449,IWWW31,MailThread
t450,KAQDEL,MailThread
t451,1RF3CT,MailThread
t452,1ZO12K,MailThread
t453,LQTU6B,MailThread
t454,ATYOKU,MailThread
t455,SSV6QA,MailThread
t456,RYJ2F1,MailThread
t457,9PYUXP,MailThread
t458,VYUMAU,MailThread
t459,49KRXG,MailThread
t460,FT9WM5,MailThread
t461,4R6P4O,MailThread
t462,AKD0W2,MailThread
t463,FSBQ7X,MailThread
t464,MU53EC,MailThread
t465,LLQZ8W,MailThread
t466,5B6L9M,MailThread
t467,6JI6OL,MailThread
t468,WUN2Q3,MailThread
t469,WHNPZ0,MailThread
t470,UX312Z,MailThread
t471,PMAY4Y,MailThread
t472,JZPXSE,MailThread
t473,FFNK9T,MailThread
t474,SKUS7O,MailThread
t475,MNPBXW,MailThread
t476,IW3A5Q,MailThread
t477,RYH5GI,MailThread
t478,TBTRO7,MailThread
t479,G86M89,MailThread
t480,H335VN,MailThread
t481,UZB7DY,MailThread
t482,RYT897,MailThread
t483,8GYOIA,MailThread
t484,GLMTQR,MailThread
t485,V9BVGI,MailThread
t486,EEKF82,MailThread
t487,CVIA7X,MailThread
t488,8L13HE,MailThread
t489,TBVJMZ,MailThread
t490,JG4NL0,MailThread
t491,89AVO1,MailThread
t492,M0OFXA,MailThread
t493,T1FUHY,MailThread
t494,DI4D7Q,MailThread
t495,OD2N2A,MailThread
t496,472KAA,MailThread
t497,BBBOOS,MailThread
t498,JOFJ6E,MailThread
t499,67K384,MailThread
t500,HYRX46,MailThread
t501,U1KANK,MailThread
t502,ILLV2W,MailThread
t503,CMR8SQ,MailThread
t504,RNCKAX,MailThread
t505,MPC29K,MailThread
t506,ZM79D3,MailThread
t507,WP0QT4,MailThread
t508,VE3W59,MailThread
t509,J98PTV,MailThread
t510,A7KZ44,MailThread
t511,3E0NTX,MailThread
t512,K0N1DD,MailThread
t513,ZET7XX,MailThread
t514,PEHOXP,MailThread
t515,IZ9V67,MailThread
t516,NAAR31,MailThread
t517,HGGY31,MailThread
t518,S1WU89,MailThread
t519,WOZJSA,MailThread
t520,KJJ5WI,MailThread
t521,P80IF2,MailThread
t522,H9R9NF,MailThread
t523,YIZAW2,MailThread
t524,REUSQ1,MailThread
t525,QQ27AS,MailThread
t526,KHEKL5,MailThread
t527,OW3Z5A,MailThread
t528,B8B41Y,MailThread
t529,S6GXPZ,MailThread
t530,19ULB0,MailThread
t531,BOUUOX,MailThread
t532,ONU3NA,MailThread
t533,KGM6WR,MailThread
t534,LMBNJU,MailThread
t535,SC5O2H,MailThread
t536,NHI3IS,MailThread
t537,XG3A97,MailThread
t538,VI8KUF,MailThread
t539,8POT9Q,MailThread
t540,PU8OD0,MailThread
t541,FA86DZ,MailThread
t542,AI991G,MailThread
t543,B1TVWG,MailThread
t544,DNL5X1,MailThread
t545,1VCR5S,MailThread
t546,6A04I8,MailThread
t547,5TMYP3,MailThread
t548,3FDPDM,MailThread
t549,ZBCNM7,MailThread
t550,L0RK27,MailThread
t551,7345AE,MailThread
t552,982M3T,MailThread
t553,XSNDBS,MailThread
t554,R5N8ZW,MailThread
t555,Z1FBYQ,MailThread
t556,T0N7Q1,MailThread
t557,IJJ9O2,MailThread
t558,UVB3BQ,MailThread
t559,EMI59U,MailThread
t560,O1XXLQ,MailThread
t561,G9GD2N,MailThread
t562,72GOP3,MailThread
t563,8TF2SN,MailThread
t564,OMDT94,MailThread
t565,X2G9KG,MailThread
t566,BTVGW4,MailThread
t567,JHHG67,MailThread
t568,YH10LX,MailThread
t569,AGSBLY,MailThread
t570,A59TEO,MailThread
t571,Q0GAQD,MailThread
t572,CZ88T6,MailThread
t573,BNVCBG,MailThread
t574,OKSE9Q,MailThread
t575,7Q6WCN,MailThread
t576,1E6EY5,MailThread
t577,DUTI3V,MailThread
t578,PT673T,MailThread
t579,LZIX4F,MailThread
t580,QQX6K6,MailThread
t581,49RP9S,MailThread
t582,IXHDI2,MailThread
t583,HE8AD1,MailThread
t584,SATCDV,MailThread
t585,QRQUU0,MailThread
t586,KDHAHU,MailThread
t587,11IKC3,MailThread
t588,7UOZLZ,MailThread
t589,P2KEQ9,MailThread
t590,FR5T5T,MailThread
t591,8PBVX8,MailThread
t592,NZRI79,MailThread
t593,TUM813,MailThread
t594,17ZOO6,MailThread
t595,8DCY3Z,MailThread
t596,H1R251,MailThread
t597,1SVOHK,MailThread
t598,I990OC,MailThread
t599,OUKIA0,MailThread
t600,QCO5FP,MailThread
t601,Z0C7TR,MailThread
t602,NCXC1E,MailThread
t603,RM4KN4,MailThread
t604,XTKZA6,MailThread
t605,1D3H9B,MailThread
t606,WBAO7P,MailThread
t607,1MUCUN,MailThread
t608,FX2S6O,MailThread
t609,41D4FG,MailThread
t610,047539,MailThread
t611,R7YH1F,MailThread
t612,4P9N74,MailThread
t613,22ZNMK,MailThread
t614,L522PA,MailThread
t615,M9ZQ0B,MailThread
t616,XMKMNC,MailThread
t617,0ET4HR,MailThread
t618,XG94GU,MailThread
t619,KBCUNL,MailThread
t620,AUKM4M,MailThread
t621,KLCI83,MailThread
t622,KT8KM4,MailThread
t623,GF6J4J,MailThread
t624,EZGVGK,MailThread
t625,EQT8TM,MailThread
t626,EYC85Y,MailThread
t627,TG6N8O,MailThread
t628,A4SF1D,MailThread
t629,03QAK6,MailThread
t630,QKHI8F,MailThread
t631,MBSXNW,MailThread
t632,HZVNFN,MailThread
t633,VQCPYT,MailThread
t634,QEX0XT,MailThread
t635,YE8XWM,MailThread
t636,SOH7DJ,MailThread
t637,35LJ47,MailThread
t638,EA1I3A,MailThread
t639,EAC3DE,MailThread
t640,HZAWMB,MailThread
t641,5LQ3VL,MailThread
t642,WWRBUO,MailThread
t643,S9XG5J,MailThread
t644,46OXMK,MailThread
t645,DDCX3L,MailThread
t646,9YUS7G,MailThread
t647,YPVQ6W,MailThread
t648,NQ041A,MailThread
t649,DU9R5P,MailThread
t650,2EHUQE,MailThread
t651,HI55XZ,MailThread
t652,ERV83Y,MailThread
t653,UXOJW6,MailThread
t654,EQ3UH5,MailThread
t655,XLRV1S,MailThread
t656,2C79DQ,MailThread
t657,2NRL53,MailThread
t658,CZHAML,MailThread
t659,AUP0YE,MailThread
t660,S144JQ,MailThread
t661,CA70DQ,MailThread
t662,7DPL5L,MailThread
t663,N6DMJ8,MailThread
t664,6QICGF,MailThread
t665,9JZES6,MailThread
t666,A9P0D6,MailThread
t667,8LZ70W,MailThread
t668,YEO0E4,MailThread
t669,J5MTN1,MailThread
t670,UVUSD6,MailThread
t671,SE1LST,MailThread
t672,V2C2K2,MailThread
t673,QYSM38,MailThread
t674,J0X5L0,MailThread
t675,FH75QK,MailThread
t676,TMKREN,MailThread
t677,B97JEU,MailThread
t678,BAVTPU,MailThread
t679,9T2PJE,MailThread
t680,C41H1I,MailThread
t681,V2939Q,MailThread
t682,9OHUZM,MailThread
t683,3TE0L5,MailThread
t684,4J5LGZ,MailThread
t685,INBKAT,MailThread
t686,VOZ4VM,MailThread
t687,DBCX5V,MailThread
t688,MB816F,MailThread
t689,CARHOK,MailThread
t690,7FH3Q8,MailThread
t691,ZU6JCT,MailThread
t692,40ZLS0,MailThread
t693,658KPC,MailThread
t694,FT3PFN,MailThread
t695,OVF3BT,MailThread
t696,UI9B4L,MailThread
t697,VU0BMV,MailThread
t698,F8VZUS,MailThread
t699,NI0DMA,MailThread
t700,PT6P9L,MailThread
t701,0A2IFP,MailThread
t702,0FVTE9,MailThread
t703,JCW352,MailThread
t704,XO4A7V,MailThread
t705,TIUTJJ,MailThread
t706,6Z90QF,MailThread
t707,TB5S8Y,MailThread
t708,QMCMPY,MailThread
t709,BD0A7F,MailThread
t710,ZMM89K,MailThread
t711,X5AAYK,MailThread
t712,94XWWF,MailThread
t713,4GA0R0,MailThread
t714,J6ZSGH,MailThread
t715,BP93XQ,MailThread
t716,6K57O8,MailThread
t717,RMGLPJ,MailThread
t718,JIBOA7,MailThread
t719,9WMRR6,MailThread
t720,L6BRFA,MailThread
t721,UVZ52B,MailThread
t722,ERYD62,MailThread
t723,QRVJCU,MailThread
t724,9JPBG0,MailThread
t725,ANJ3X2,MailThread
t726,GQNQZY,MailThread
t727,8SI975,MailThread
t728,5RRU1R,MailThread
t729,QTAS3G,MailThread
t730,NKMB52,MailThread
t731,TSLQ6T,MailThread
t732,KZRG3B,MailThread
t733,PMG9HW,MailThread
t734,ORER4V,MailThread
t735,N46L6D,MailThread
t736,LD6788,MailThread
t737,3MLYF4,MailThread
t738,QJG82G,MailThread
t739,PWVTGA,MailThread
t740,2U3C3C,MailThread
t741,H7W90E,MailThread
t742,YXW3JK,MailThread
t743,RAO6EK,MailThread
t744,ZB7R7K,MailThread
t745,NZMBX5,MailThread
t746,0VQ7AA,MailThread
t747,3IVXIN,MailThread
t748,DTOMF8,MailThread
t749,LERWZL,MailThread
t750,3065JD,MailThread
t751,QC05OJ,MailThread
t752,ZVIS9N,MailThread
t753,R3Q1VX,MailThread
t754,CYNWWH,MailThread
t755,PTV0UH,MailThread
t756,6297CU,MailThread
t757,SXWNW8,MailThread
t758,5PFJW4,MailThread
t759,NHAV29,MailThread
t760,UG8U6N,MailThread
t761,7WAYIO,MailThread
t762,41XGYX,MailThread
t763,9AU14Y,MailThread
t764,4O69GM,MailThread
t765,AY7J4J,MailThread
t766,1BU01O,MailThread
t767,R28UFE,MailThread
t768,WOGRJV,MailThread
t769,V9R5JT,MailThread
t770,H9DZ2G,MailThread
t771,E2T559,MailThread
t772,L7VSV6,MailThread
t773,OU24HE,MailThread
t774,886TQR,MailThread
t775,0YQMMP,MailThread
t776,8ENRF5,MailThread
t777,JU1R7W,MailThread
t778,6YGTVO,MailThread
t779,37W1OE,MailThread
t780,8022V7,MailThread
t781,WALKVR,MailThread
t782,6DGZK8,MailThread
t783,79RTQF,MailThread
t784,YYH6LK,MailThread
t785,S3VO9L,MailThread
t786,MRL5YT,MailThread
t787,PC61OA,MailThread
t788,0MXLHL,MailThread
t789,X87GVC,MailThread
t790,8A5D5B,MailThread
t791,2N8A25,MailThread
t792,YC4KXO,MailThread
t793,BZRV4O,MailThread
t794,AHA1CX,MailThread
t795,SCUKTA,MailThread
t796,SNYE9S,MailThread
t797,XI1NOY,MailThread
t798,C3IHZ0,MailThread
t799,W7DT0P,MailThread
t800,5YHBMJ,MailThread
t801,5A7XKE,MailThread
t802,HUQET2,MailThread
t803,MAV64M,MailThread
t804,O0FHNX,MailThread
t805,UOT38J,MailThread
t806,2D7KJK,MailThread
t807,0P30AQ,MailThread
t808,CY09Z0,MailThread
t809,LY3OLW,MailThread
t810,ZKAQ56,MailThread
t811,HYCZHR,MailThread
t812,MNH061,MailThread
t813,X3HK7R,MailThread
t814,1QBJVI,MailThread
t815,SV9HZB,MailThread
t816,5X6UXH,MailThread
t817,L6FTGE,MailThread
t818,8VBU3X,MailThread
t819,ZZCDBM,MailThread
t820,BZ0M3M,MailThread
t821,46MITY,MailThread
t822,Y2ZUHE,MailThread
t823,9VQTAZ,MailThread
t824,HFCREX,MailThread
t825,D447ZN,MailThread
t826,A7VJ5D,MailThread
t827,23U1K0,MailThread
t828,7B4I05,MailThread
t829,7WCLCU,MailThread
t830,86ONNN,MailThread
t831,S14NVP,MailThread
t832,SIR9ON,MailThread
t833,F6M4C8,MailThread
t834,XWV3BJ,MailThread
t835,X8HQSJ,MailThread
t836,U3IAMZ,MailThread
t837,RLMZE8,MailThread
t838,16OTBY,MailThread
t839,QMRQCA,MailThread
t840,ELLCN6,MailThread
t841,O89YOQ,MailThread
t842,R82I9B,MailThread
t843,KYKK5Z,MailThread
t844,6541QY,MailThread
t845,EYTUEZ,MailThread
t846,5E62EE,MailThread
t847,KDI9CX,MailThread
t848,X8PF8B,MailThread
t849,5GQPKV,MailThread
t850,7OI5VS,MailThread
t851,F3WCR7,MailThread
t852,IEI2D8,MailThread
t853,2HLL9N,MailThread
t854,JNOXD5,MailThread
t855,GSQAHY,MailThread
t856,PZF98V,MailThread
t857,81E1J4,MailThread
t858,JX6OGK,MailThread
t859,IL1V5Z,MailThread
t860,50AMSU,MailThread
t861,83AX41,MailThread
t862,HVTA3E,MailThread
t863,4A05AZ,MailThread
t864,0Q1G8G,MailThread
t865,7E2QBQ,MailThread
t866,7TYIFX,MailThread
t867,MM3JLG,MailThread
t868,KDZDK5,MailThread
t869,95AUWV,MailThread
t870,EHFYE9,MailThread
t871,L4KY80,MailThread
t872,00OT3M,MailThread
t873,CBJ5GU,MailThread
t874,BQ99XT,MailThread
t875,TSHIRN,MailThread
t876,7ILMKY,MailThread
