:ID,meetAgenda,meetDate,meetLink,meetTime,:LABEL
mg149,"Assignment of revisions (annotation provenance, compliance appendix, formatting/cross-referencing), Internal milestone and upload deadlines, Compliance documentation and administrative actions, Discussion of possible bottlenecks, resource needs, Next steps and communication logistics",2023-01-22,https://us02web.zoom.us/j/88546712309?pwd=Z2VjMDNmWkZjUUpEN05HVVhiZzRXQT09,16:00 UTC,Meeting
mg361,"expanding annotation guidelines, language normalization methodology, noting recent developments in digital resource hosting, designating outreach liaisons, coordinating user study protocol",2024-04-24,,16:00 GMT,Meeting
mg36,coordination meeting,2023-10-12,N/A,N/A,Meeting
mg260,"sync call agenda including Lessons Learned & Recommendations, Workshop Design & Accessibility Protocols",2023-06-10,,,Meeting
mg83,revision meeting,2023-10-31,Zoom,17:00 IST,Meeting
mg131,discuss submission path,2023-10-03,Google Meet,14:30 IST,Meeting
mg325,final review and sign-off,2024-03-25,Zoom/Google Meet,TBD,Meeting
mg2,,2023-04-15,,10:00-17:00 IST,Meeting
mg110,"(1) public summary finalization and dissemination, (2) webinar structure and division of roles, (3) registration and promotion plan, (4) timeline alignment with the publication DOI",2023-08-09,,15:00 IST / 10:30 BST / 02:30 PDT,Meeting
mg54,retrospective highlights and next steps for potential workshop/tutorial proposals,2023-04-06,https://meet.google.com/xyz-pqmf-btu,12:00-16:00 UK,Meeting
mg24,group review,2023-10-23,,,Meeting
mg61,finalize the division of tasks,TBD,,TBD,Meeting
mg26,debrief meeting,2023-06-01,,15:00-19:00 IST,Meeting
mg46,clear any final points and validate the completed camera-ready package,2023-01-20,,10:30 am GMT / 4:00 pm IST / 8:30 am PST,Meeting
mg379,Integration of figures and supplementary legal templates,2023-09-19,,,Meeting
mg262,Sync call minutes,2020-10-30,,,Meeting
mg210,Final check-in for JCDL 2022 FAQ annex submission,2020-05-15,Google Meet,14:30–15:20 GMT,Meeting
mg33,sign off on merged documentation,2019-06-21,https://meet.google.com/bpu-wxry-avf,16:30-17:00 IST,Meeting
mg106,"define the format and division of topics: overview, technical contributions, application demos, and live Q&A",TBC,,,Meeting
mg3,"review datasets and methodologies proposed, share insights",2019-04-06,https://zoom.us/j/1234567890,3 PM IST,Meeting
mg300,1. Allocation of presentation roles and overview of each contributor’s section. 2. Status updates on draft slides and discussion of supplementary materials. 3. Collective brainstorming on probable Q&A topics—please bring your preliminary audience query drafts. 4. Planning contingencies for both oral/poster and in-person/virtual session formats. 5. Next steps for synchronizing slide design and timeline for internal rehearsals.,2021-07-11,https://stanford.zoom.us/j/94870123456?pwd=ZXhBTXp4UWdoWmZ0c2hNdz09,20:30–22:00 IST / 16:00–17:30 BST / 08:00–09:30 PDT,Meeting
mg320,review and finalize retrospective document,2023-07-19,N/A,06:00–09:30 PDT,Meeting
mg86,review progress and resolve any overlapping issues,2019-02-08,,,Meeting
mg301,"Coordination meeting for JCDL 2023 presentation roles, material development, Q&A preparation, contingency planning, and timeline for internal rehearsals",2021-07-11,Zoom,TBD,Meeting
mg109,finalize time for Zoom meeting,2023-08-09,,15:00 IST / 10:30 BST / 02:30 PDT,Meeting
mg346,address technical and editorial contingencies,2023-03-01,Zoom call,14:30 GMT,Meeting
mg360,"Journal extension structure & division of new writing tasks, Dataset/resource paper logistics and timeline, Outreach to the broader historical NLP community, Preliminary organization of our upcoming ACL2024 presentation",2023-04-24,,16:00 GMT,Meeting
mg166,camera-ready review meeting,2019-12-23,Not specified,Not specified,Meeting
mg321,"1. Overview of the draft outline and feedback consolidation (Sunita). 2. Presentation and group review of Michael’s workflow diagram, with live annotation if feasible. 3. Section-by-section review for actionable improvements: Roles & Responsibilities, Communication Protocols, Bottleneck Handling, and Template Library. 4. Discussion of lessons learned (brief oral summaries), with Ananya and Ramesh highlighting coordination and escalation mechanisms, and Michael elaborating on visual/data workflows. 5. Next steps: Assigning leads for section finalization and establishing a rough timeline for document completion and periodic review.",2023-07-19,TBD,18:30 IST / 14:00 BST / 06:00 PDT,Meeting
mg373,virtual seminar,2024-09-18,,16:00–18:00 IST,Meeting
mg20,discuss annotation feedback forms and integrate insights into the main draft,2019-05-13,,,Meeting
mg413,,,,,Meeting
mg298,kick off the preparation and agree on the timeline for draft review,2023-04-01,,,Meeting
mg211,harmonize residual details and fix synchronized release date,2022-03-15,Google Meet/Zoom,TBD,Meeting
mg34,quick sign-off of the merged package,2019-06-21,https://meet.google.com/bpu-wxry-avf,16:30–17:00 IST,Meeting
mg48,"Walkthrough of all revision point responses and their location in the manuscript, secondary accessibility check, consolidated review of 'Response to Reviewers' letter, final checks for cross-file consistency, timeline confirmation for manuscript upload",2023-01-20,https://zoom.us/j/93027450827?pwd=N2ZoMnZWdEYwUjBpU2VOQkl6ZWVpUT09,10:30 am GMT / 4:00 pm IST / 8:30 am PST,Meeting
mg192,"Final institutional clearance for outreach materials and scheduling public release in coordination with JOCCH editorial timeline, Review embargo monitoring and media query protocols, Preliminary discussion on next steps should we receive initial reviewer feedback on SUB-JOCCH-2022-0362",2023-09-26,https://meet.google.com/fyk-zmkt-pvq,15:30 IST / 11:00 BST,Meeting
mg37,finalizing compliance appendix revisions,2021-08-30,,after 15:00 IST,Meeting
mg330,joint call,2023-10-10,,late afternoon IST/morning UK/early AM US,Meeting
mg257,"Review progress, discuss lessons learned, evaluate submission strategies, confirm internal deadlines, plan for near-final draft circulation",2023-06-10,,20:00 IST / 15:30 BST / 07:30 PDT,Meeting
mg161,"collectively review changes, assign action items, finalize presenter bios",2021-06-08,Google Meet,TBD,Meeting
mg219,strategy call for the JCDL 2022 live project spotlight,2022-03-31,Zoom link not provided yet,11:30 GMT,Meeting
mg18,"review interpretability memo, discuss pilot annotation exercise, and explore future work",2023-10-09,Google Meet link,TBD,Meeting
mg294,"synchronize on progress, share feedback, and confirm all revision points",2023-03-04,,,Meeting
mg185,Minutes and action points for JOCCH manuscript,2020-02-17,,,Meeting
mg268,Review and refine the draft reviewer response points; distribute action items around supplementary table references and artifact example preparation; discuss metric generalizability and modular codebase components; any additional items or concerns raised by the team ahead of the call.,2020-12-01,https://meet.google.com/zrm-jkpi-wgv,16:00 IST,Meeting
mg237,internal run-through,2023-05-19,,,Meeting
mg89,Discuss draft subsection and schematic,2021-02-09,,,Meeting
mg250,final pre-workshop huddle,2022-05-29,,,Meeting
mg91,progress call,2019-11-01,,,Meeting
mg77,effective and focused meeting,2023-08-16,https://meet.google.com/hst-jocch-writing,15:00 UTC,Meeting
mg245,official pre-event communication send,2022-05-26,N/A,09:00 BST / 13:30 IST / 1:00 PDT,Meeting
mg183,discussion and input capture for merging case studies and workflow sections,2023-08-15,https://stanford.zoom.us/j/91475638219?pwd=MnFQa2tkYVpOa2FhZHM3QWlmVEhaQT09,2:30pm BST / 7pm IST / 6:30am PDT,Meeting
mg151,,,,,Meeting
mg9,check-in,2019-05-03,,,Meeting
mg22,synthesis meeting,2023-08-18,,,Meeting
mg335,"Finalizing section leads, incorporating feedback on appendices, agreeing on target completion date, updating on new points from submission portal",2023-11-07,https://doodle.com/meeting/participate/id/1234-reflection-memo,TBD,Meeting
mg234,"Quick alignment on dissemination deliverables, error analysis research note, workshop outline progress, version control and shared resource logistics, institutional requirements or updates regarding the JCDL notification, open floor for emerging concerns or suggestions",2023-05-07,,12:00 noon BST / 4:30pm IST / 7:00am PST,Meeting
mg99,,,,,Meeting
mg57,summary of the meeting minutes and key action items,2023-04-16,,,Meeting
mg343,"Recap of Reviewer Feedback, Allocation of Responsibilities, Timeline, Drafting the Author Response Letter, Other Notes",2022-03-03,Zoom (Stanford-hosted),15:00–16:05 GMT,Meeting
mg354,Camera-ready coordination call,2023-04-24,N/A,12:30–13:30 GMT,Meeting
mg120,"technical checks, A/V and screen share tests, backup streaming/recording settings, last-minute troubleshooting",TBD,https://events.iacs.res.in/histocrnlp,14:15 IST (9:45 BST / 1:45 PDT),Meeting
mg378,brief follow-up call,2023-09-21,,16:00–16:45 IST,Meeting
mg375,seminar session,2023-09-20,,,Meeting
mg88,collective progress updates and resolution of cross-cutting issues,2023-02-08,,11:00–17:00 IST,Meeting
mg242,finalize outstanding items and rehearse the contingency communications protocol together,2023-05-24,,16:00 BST / 20:30 IST / 8:00 PDT,Meeting
mg295,internal review meeting,2021-06-18,N/A,16:30–18:00 IST,Meeting
mg302,rehearsal session,TBD,,6:30 PM IST,Meeting
mg212,finalize the announcement date,,https://doodle.com/meet/JCDL2022-PressRelease-Coordination,,Meeting
mg58,discussion on cross-lingual entity normalization methods,2020-04-07,,,Meeting
mg341,coordinate tasks and establish deadlines,2022-03-04,N/A,14:00–17:00 GMT,Meeting
mg222,internal rehearsal,2022-04-08,Zoom,late next week,Meeting
mg181,reviewing materials and finalizing integration plans,mid-next week,,20-30 min check-in,Meeting
mg169,test transitions live,2023-07-17,,TBD,Meeting
mg282,Discuss 'Related Work' draft,2023-12-02,TBD,TBD,Meeting
mg315,consolidation meeting,2023-05-16,https://meet.google.com/nlp-histdata-final,14:30 IST / 10:00 CEST / 01:00 PDT,Meeting
mg372,practical walkthrough of data compliance/embargo pipelines and panel Q&A focused on implementation in different institutional contexts,2023-09-18,,15:00–19:00 IST,Meeting
mg4,discussions regarding the Temporal Sentiment Analysis project,yesterday,,,Meeting
mg55,"consolidation call, data sharing/archival considerations, outlining immediate next steps for a potential tutorial proposal",2023-04-07,https://meet.google.com/xyz-pqmf-btu,12:00–16:00 UK,Meeting
mg80,"Resolve any outstanding document comments, Confirm integration points, Consensus on compliance documentation, Timeline for submission",2023-09-06,https://meet.google.com/dyn-wmpl-jow,16:30 IST,Meeting
mg385,"Rapid consolidation of all outstanding revisions, cross-referencing Ananya’s and Michael's notes; Venue decision; Timeline confirmation for final manuscript, figures, and supplementary appendix submission; Planning for a parallel blog post or public preprint",2023-09-25,,16:30 IST / 12:00 BST / 04:00 PDT,Meeting
mg27,"preparation of a succinct presentation/poster, outlining a phased dataset release plan, brainstorming and prioritizing supplementary analyses, initial discussion of a possible journal extension",2023-06-02,Google Meet session,16:30 IST,Meeting
mg153,virtual dry run,2021-04-22,Zoom,late afternoon IST,Meeting
mg374,"walk through structure, key talking points, and division of tasks for both outputs",2023-09-16,,,Meeting
mg65,rehearsal,2022-04-08,Not specified,10:00-12:00 GMT,Meeting
mg50,,,,,Meeting
mg52,consolidation call,Thursday,,,Meeting
mg332,"Progress updates, deep-dive on reproducibility, workflow assembly, challenges discussion, timeline confirmation",2023-10-10,https://zoom.us/j/9876543210?pwd=JOCCHTeam2023,11:00 UK / 15:30 IST / 03:00 US Pacific,Meeting
mg113,,,,,Meeting
mg136,resolving open points regarding the research questions and evaluation frameworks,2023-10-12,Zoom coordination,17:00 CET,Meeting
mg207,pending confirmation of RTI contacts and legal sign-off from each institution,2022-11-25,,14:30 GMT,Meeting
mg256,reviewing submission planning tables,2022-06-10,,,Meeting
mg263,internal walkthrough and final checklist validation,TBD,,TBD,Meeting
mg78,data licensing and repository sustainability,2023-08-16,,,Meeting
mg127,sync meeting and updates,2019-05-12,,,Meeting
mg128,consolidate feedback,2019-09-28,,,Meeting
mg73,"Discussion of official feedback/survey results from JCDL organizers; Review of the tutorial presentation process—strengths, challenges, and lessons learned; Outlining the structure and scope of a potential survey/methods paper for submission to JOCCH; Next steps for launching an open repository of our demo scripts, annotation materials, and (if permissible) selected historical data samples; Planning future workshops/tutorials (e.g., ACL or EMNLP) and community engagement ideas.",2019-05-22,https://meet.google.com/xyz-jcdl-tutorial,15:30 UTC,Meeting
mg253,review of workshop analytics and participant feedback,2022-06-01,provided Zoom link,17:00 BST / 21:30 IST / 09:00 PDT,Meeting
mg356,final internal review,2024-03-25,Not specified,Not specified,Meeting
mg389,,,,,Meeting
mg8,align on next steps,2023-04-23,,,Meeting
mg288,"submission checklist, portal demo, compliance metadata fields",2023-12-04,Unspecified Link,Unspecified Time,Meeting
mg111,"1. Review and sign-off on public summary & communications
2. Finalising the structure and technical/demo roles for the late September webinar
3. Confirming registration processes and cross-institutional promotion plans
4. Scheduling and next milestones aligned with the article's official online publication",2023-08-09,,,Meeting
mg17,"Review interpretability findings, outline and confirm pilot annotation process & expected outputs, baseline model configuration (draft), finalization of evaluation metrics & stretch goal feasibility, authorship mapping and task allocation for ACL/EMNLP (tentative), draft/revision timeline and upcoming deliverables",2023-05-03,https://meet.google.com/vty-cqsi-bjk,3 PM IST / 10:30 AM BST / 2:30 AM PDT,Meeting
mg116,rehearsal for HistocrNLP outreach event,2023-09-05,https://events.iacs.res.in/register/histocrnlp,15:00–18:00 IST,Meeting
mg28,"Presentation/Poster Development, Phased Dataset Release, Supplementary Analyses, Journal Extension Planning",2023-06-02,https://meet.google.com/jxr-twth-uzc,16:30 IST,Meeting
mg177,debrief and planning session,2023-07-30,,4:00 PM IST,Meeting
mg266,coordination call,2023-03-08,https://meet.google.com/nlp-jocch-revision,16:00 IST / 10:30 GMT / 2:30 PST,Meeting
mg5,progress check-in,2019-04-19,,3 PM IST,Meeting
mg199,,,,,Meeting
mg247,finalize Q&A strategy and confirm moderation roles,2022-05-28,,18:00 BST / 22:30 IST / 10:00 PDT,Meeting
mg179,,,,,Meeting
mg174,presentation session,,https://stanford.zoom.us/j/7351826490,,Meeting
mg369,"address any final queries, discuss manuscript assembly logistics, and resolve outstanding checklist points",2023-05-11,,16:00–17:00 IST / 11:30–12:30 BST / 03:30–04:30 PDT,Meeting
mg269,reviewer preparation call,yesterday,Google Meet,16:00–16:45 IST,Meeting
mg319,Review meeting for Project Retrospective & Workflow Reference,2023-07-19,,14:00–18:00 BST,Meeting
mg216,simultaneous publication of the press release,2022-08-18,https://jcdl2022.org/announcements,08:00 PT / 16:00 CET / 20:30 IST,Meeting
mg19,"Interpretability Memo Review, Human Annotation Pilot, Baseline Model Configuration, Evaluation Metrics & Protocols, Authorship & Task Distribution, Draft Timeline",2019-04-28,https://meet.google.com/vty-cqsi-bjk,3 PM IST / 10:30 AM BST / 2:30 AM PDT,Meeting
mg358,"thoroughly cross-check each compliance item, upload the full camera-ready package, and address any last-minute portal issues",2023-03-25,Zoom,15:30 GMT,Meeting
mg231,team call,2023-06-10,,IST evenings,Meeting
mg279,integration notes,2023-08-19,,3:00pm–5:00pm IST,Meeting
mg230,coordination call to review the session summary and asset checklist,,,11:30 IST,Meeting
mg134,Discuss paper structure and action points,2022-10-03,,,Meeting
mg333,"Revision Progress Updates, Focused Discussion Points, Anticipated Challenges, Next Steps & Timeline Recap, AOB",2023-10-10,,,Meeting
mg249,,,,,Meeting
mg322,Project Retrospective & Workflow Reference review,2023-07-19,https://zoom.us/j/94763124839?pwd=bXRwQ1ZxbWw2WFZ0Y08wYVVrZzQ1QT09,18:30 IST / 14:00 BST / 06:00 PDT,Meeting
mg283,finalizing the revised paper,2023-12-04,,after 14:00 GMT,Meeting
mg96,Zoom coordination session regarding JOCCH minor revision tasks,2023-03-26,,,Meeting
mg152,dry run of the presentation,2021-04-22,Zoom,TBD,Meeting
mg261,"finalize section integration plans, lock down submission venue, establish internal timeline",2023-10-10,,20:00 IST / 15:30 BST / 07:30 PDT,Meeting
mg64,rehearsal for JCDL 2020 tutorial,2020-07-20,N/A,N/A,Meeting
mg67,delivering the tutorial session,2020-06-25,,TBD,Meeting
mg314,syncronization call,current day,https://stanford.zoom.us/j/98123746715?pwd=QkNsd3FhS2FZbVh6Uk9GdWx0VktIQT09,15:00 BST/07:00 PDT,Meeting
mg272,,,,,Meeting
mg331,preliminary input or priority issues for the call,2023-10-10,TBD,11:00 UK / 15:30 IST / 03:00 US Pacific,Meeting
mg407,address remaining cross-sectional issues and finalize unified response letter,2023-03-17,https://stanford.zoom.us/j/99821342516?pwd=NLPMajorRev2025,19:30 IST,Meeting
mg176,discuss next steps and possible timeline,2022-07-08,Zoom,TBD,Meeting
mg307,"review audience feedback, discuss possible follow-up opportunities, and finalize the next journal submission plan",2023-04-28,Not specified,5:00 PM IST / 12:30 PM BST / 4:30 AM PDT,Meeting
mg226,"Quick check-in, role assignments, and session objectives; Full run-through of entire slide deck; Transition and timing feedback, including audience engagement checks and Q&A drill; Final roundtable: open technical points, last-minute adjustments, press alignment",TBD,https://ox-ac-zoom.us/j/95827416200?pwd=QkNlc0tYWjB5b3YwMmdGZ1JibDI0UT09,10:00—10:45 GMT,Meeting
mg66,"Timed Dry-run of Slide Deck, Demo & Handover Protocols, Screen Sharing & Q&A Functions, Backup Plan Walkthrough, Documentation Checks, Open Points & Contingencies",2020-07-21,https://us02web.zoom.us/j/82193588451?pwd=sample1234,16:00 UK / 20:30 IST / 08:00 PDT,Meeting
mg182,,,,,Meeting
mg394,focused 30-minute call to discuss integration progress,2023-11-07,Google Meet or Zoom,16:00-18:00 IST (10:30-12:30 GMT),Meeting
mg102,"Brief review of all recent document changes (camera-ready PDF, notebook update, cover letter). Final cross-check using the internal checklist. Confirmation of submission procedure on ScholarOne. Open floor for any last technical or editorial adjustments.",2019-02-14,https://stanford.zoom.us/j/98347920145?pwd=JOCCHfinalsignoff,16:00 IST / 11:30 BST / 3:30 AM PDT,Meeting
mg175,ACL session,2023-10-12,Zoom links provided,1:00 PM BST,Meeting
mg193,internal call on 25th March 2020,2020-03-25,,15:30–16:05 IST / 11:00–11:35 BST,Meeting
mg25,touch base on next steps and formally mark submission milestone,coming week,,,Meeting
mg138,"Final review and harmonization of evaluation metrics, confirmation of author order, policy and process review, timeline review, open discussion",2023-10-12,https://stanford.zoom.us/j/98456247018?pwd=aFphQ2xhQzc3NDI0R2xNRmtLand3UT09,17:00 CET,Meeting
mg297,review meeting,2023-03-01,,,Meeting
mg338,Progress on draft and next steps,2023-11-21,N/A,TBD,Meeting
mg198,1. Status review of JOCCH submission/editorial communications. 2. Outreach/press office readiness and embargo synchronization planning. 3. Technical update on embargo log and query responses. 4. Additional discussion on JCDL 2022 and related dissemination plans. 5. Any other business.,2022-10-16,Not specified,15:30 IST / 11:00 BST / 03:00 PDT,Meeting
mg239,test survey distribution and breakout flows,2023-05-19,,,Meeting
mg132,"Review of the submission venue matrix (ACL 2022 Resource Track vs. JOCCH), Institutional and career priority mapping (PhD and faculty considerations), Data/code transparency strategy alignment, Open discussion of staged submission methodologies, drawing on digital humanities precedents from Oxford and Stanford, Timelines and next steps for drafting and submission responsibilities",TBD,https://meet.google.com/vgb-citm-tso,this afternoon,Meeting
mg158,dry run and practice Q&A,2023-04-24,previously circulated Zoom link,5:30 pm IST,Meeting
mg344,align on divisions of labor,2024-03-01,Not specified,Not specified,Meeting
mg104,plan webinar and digital launch,2023-10-04,Zoom,midweek,Meeting
mg31,"Review of the current dataset documentation, Institutional compliance checklist, Technical and procedural questions, Q&A / Any Other Business",2019-06-04,https://meet.google.com/tcu-ocbb-wjd,16:00–17:00 IST,Meeting
mg42,review and finalize revisions,2023-12-15,Google Meet link to be circulated,15:30–16:00 IST,Meeting
mg188,"Embargo Compliance Review, Outreach Materials Coordination, Timeline Alignment and Internal Communication",2020-03-13,,15:30–16:05 IST / 11:00–11:35 BST,Meeting
mg159,"Dry run of presentation including full walkthrough, targeted feedback, integration of edits, Q&A drill, and action items",2023-04-24,https://stanford.zoom.us/j/94728615327,5:30–7:00 pm IST,Meeting
mg278,targeting any cross-section integration concerns,2023-08-19,Google Meet,afternoon IST,Meeting
mg329,As outlined by Ramesh (see your previous email for detailed breakdown),2021-10-22,https://stanford.zoom.us/j/91456783412?pwd=NLPFinalReviewAug1,16:00 IST / 11:30 BST / 03:30 PDT,Meeting
mg189,,,,,Meeting
mg123,group review and action tracking,2023-09-22,https://stanford.zoom.us/j/94123456789,TBD,Meeting
mg316,final consolidation meeting,2023-05-16,TBD,14:30 IST,Meeting
mg135,address any outstanding questions and update on action items,2023-10-12,TBD,17:00 CET,Meeting
mg56,"1. Brief overview by each contributor on retrospective summaries (5 min each)
2. Discussion on transferable lessons for historical NLP research
3. Data sharing & archival considerations for future documentation and methods papers
4. Outline of possible workshop/tutorial proposals (ACL, JCDL, SIG)
5. Next steps: immediate action items, division of responsibilities, and timelines for potential tutorial or workflow paper",2019-02-12,https://meet.google.com/xyz-pqmf-btu,12:00-13:00 UK / 16:30-17:30 IST / 4:00-5:00 US West Coast,Meeting
mg411,finalize the outline and next steps,2023-04-10,,IST evening/UK afternoon,Meeting
mg275,grant proposal scoping and finalizing core messages for conference abstract and parallel journal submission discussion,2023-08-13,,3:30pm IST/11:00am BST/3:00am PDT,Meeting
mg97,team review,2023-04-07,,,Meeting
mg311,JCDL 2023 Debrief,2021-08-02,N/A,N/A,Meeting
mg163,"Confirm compliance with ACL guidelines and discuss flagged edits, Slide-by-slide review for content, format, and clarity, Update and approve supplementary materials, Final assignment of action items and submission timeline",2021-06-11,N/A,3 PM IST,Meeting
mg196,"progress review, discussion on future joint presentations, embargo monitoring infrastructure, press office readiness, and historical data handling in cross-jurisdictional projects",2022-10-16,,11:00 BST,Meeting
mg167,group rehearsal,2022-07-17,Not specified,Not specified,Meeting
mg45,team’s feedback on Figure 3 caption,2021-12-15,,,Meeting
mg368,planning and internal review session,2023-04-15,,,Meeting
mg164,"reviewing camera-ready guidelines, discussing slide figures, Q&A document, and presenter bios",2023-06-11,,,Meeting
mg274,collaborative session,2022-08-13,https://doodle.com/meeting/participate/Team-Session-Aug2022,,Meeting
mg40,minor revision of the manuscript for the ACM JOCCH,2019-08-08,via Zoom,15:15–16:35 IST,Meeting
mg280,final screen-share review before submission,2021-12-01,,TBD,Meeting
mg145,synchronize on the granular distribution of tasks,2023-01-22,,16:00 UTC,Meeting
mg35,concise agenda,today,,16:30 IST,Meeting
mg225,"address flows, transitions, and any last-minute adjustments",2023-04-08,,10:00-12:00 GMT,Meeting
mg49,resolve last-minute details,2019-03-02,Zoom call,same time as previous meeting,Meeting
mg16,"Review Ananya's interpretability memo, decide on pilot annotation logistics, confirm baseline model configuration and initial results, agree on final set of evaluation metrics and protocols, outline preliminary authorship and responsibilities map, set timeline for subsequent drafts and code releases",2023-05-03,,3 PM IST / 10:30 AM BST / 2:30 AM PDT,Meeting
mg306,final tech-check,,Zoom session,,Meeting
mg206,"synthesizing ideas, discussing metadata sharing policy, versioning FAQ document",2023-11-15,,,Meeting
mg209,"Final Language Review, Institutional Sign-offs, Submission Package Readiness, Submission Logistics, Press Protocol Integration, Any Other Business",TODAY,https://meet.google.com/faq-jcdl-checkin,14:30 GMT,Meeting
mg398,aligning schedules on milestones and document integration,2023-01-05,,16:00–17:00 IST,Meeting
mg258,Draft agenda for sync call,2023-06-10,,20:00 IST / 15:30 BST / 07:30 PDT,Meeting
mg403,review progress on the distinct revision items and align on integration strategies for both the manuscript and response letter,2023-03-08,Google Meet,2:30 PST / 16:00 IST / 10:30 GMT,Meeting
mg365,"Review of written section drafts, finalization of dataset hosting venue and DOI allocation strategy, discussion and approval of the user study/survey, assignment of writing/editorial tasks, timeline confirmation for draft revisions and tentative submission windows",2024-04-24,,,Meeting
mg390,finalize dataset breakdown assignments and synchronize response letter approach,2023-10-31,,17:00 IST,Meeting
mg259,"process alignment, critical discussion points, Lessons Learned & Recommendations, figure/table formatting standards, Q&A/Moderation section visuals, literature review, accessibility protocol summaries",2023-06-10,,,Meeting
mg395,integration workflow for JOCCH revision,2023-11-08,,16:30–17:00 IST,Meeting
mg156,dry run and draft slides review,2021-04-24,Zoom link,5:30–7:00 pm IST,Meeting
mg273,pre-populate bibliography and funding call sections,2023-08-13,,,Meeting
mg39,discussion on response letter and document segments,2023-08-30,,15:15 IST,Meeting
mg105,planning late-September webinar,midweek next week,,,Meeting
mg171,pre-rehearsal transitions check,2022-07-17,Not specified,4:30 PM IST / 8:00 AM PDT / 12:00 PM BST,Meeting
mg236,,,,,Meeting
mg168,"Full walk-through, slide and transition checks, Q&A role assignments, timing review",2022-07-18,https://stanford.zoom.us/j/9182736450,2:00 PM BST / 6:30 PM IST / 6:00 AM PDT,Meeting
mg157,dry run session,2021-04-24,https://drive.google.com/file/d/1AB2c3XYZACL2021deck,5:30–7:00 pm IST,Meeting
mg215,final coordination call,2020-08-16,,,Meeting
mg348,"discussion on dataset and code repository, final cross-check, update draft, coordinate tasks",2023-10-10,,14:30 GMT,Meeting
mg124,sync meeting,2023-09-22,established Zoom link,14:30 IST (10:00 BST / 2:00 PDT),Meeting
mg129,make a final decision and delineate writing responsibilities,2023-10-03 to 2023-10-05,,,Meeting
mg312,jointly outline the interface between semantic metrics and error taxonomy,2023-05-06,,,Meeting
mg87,progress meeting,2023-02-08,,11:00-14:00 GMT,Meeting
mg409,final action steps ahead of the JOCCH major revision submission deadline,2022-03-13,,,Meeting
mg100,team sign-off,2023-06-12,,,Meeting
mg150,camera-ready revision coordination meeting,2021-01-22,,,Meeting
mg90,"confirm all major changes, assign responsibilities, review draft author response",2021-02-09,https://zoom.us/j/98367321478?pwd=R2N3WTh3cUFqUXRpR2VBU3BnQTlRdz09,TBD,Meeting
mg115,technical and content rehearsal,2023-09-01,,,Meeting
mg323,Review meeting to discuss Project Retrospective & Workflow Reference,2021-10-11,N/A,N/A,Meeting
mg251,brief dry run and chat/email support channel verification,TBD,,11:00 BST,Meeting
mg217,"content/preparation for possible conference live session, outreach priorities, task distribution, review media tracking results",2023-03-31,Zoom room to be set up,Morning or Afternoon GMT,Meeting
mg349,"Quick review of reviewer and meta-reviewer recommendations, progress update on textual and supplementary material revisions, confirmation of Overleaf and code/data repository status, discussion of preliminary checklist for camera-ready formatting and graphical abstract integration, outline of required metadata updates and presenter confirmation documentation, contingency planning, open discussion/questions",2024-02-28,https://zoom.us/j/98237012654?pwd=Rmx3eHZtM2FJVU9kalRVSFpyaEhMUT09,14:30 GMT,Meeting
mg327,"final sign-off, bibliography checks, and task allocation",2023-08-01,,,Meeting
mg204,a) Brief overview of institutional FAQ workflows; b) Walkthrough and synthesis of draft entries; c) Agreement on consolidated structure and open items for the annex; d) Next steps for formatting and integration into the Unified Press Query Protocol by end-November.,2023-11-15,TBD,15:30 IST / 10:00 BST / 02:00 PST,Meeting
mg133,review of the submission features matrix,2019-05-22,,,Meeting
mg299,,,,,Meeting
mg72,"Review of feedback, reflections on tutorial, publication prospects, open repository creation, future workshop opportunities",2023-08-02,Google Meet,15:30 UTC,Meeting
mg392,"Brief review of task division and progress updates on assigned sections, Finalization of the expanded methodological clarity subsection, Review of preliminary tables and visualizations for evaluation metrics, Outline and formatting options for the legal framework comparative table, Consolidation of supplementary material formats, Draft structure for the point-by-point response letter, Timeline review for final draft submissions and assignment of any outstanding follow-up actions",today,https://stanford.zoom.us/j/96543218765?pwd=ZXNhdTdmLzBsdG93Tk1wQWpyU3EyUT09,17:00 IST / 12:30 BST / 04:30 PDT,Meeting
mg292,submission review and coordination,2023-12-04,https://ox-ac-uk.zoom.us/j/97824613570?pwd=abcd1234EfG,14:30 GMT,Meeting
mg14,check-in meeting,2023-05-10,,,Meeting
mg345,review progress and resolve questions about camera-ready guidelines,2024-03-01,,14:00 GMT,Meeting
mg186,"synchronizing the core message and impact highlights, aligning timeline with expected journal communications, confirming embargo status on Zenodo and GitHub resources",2023-09-12,https://meet.google.com/abc-wxyz-123,15:30 IST,Meeting
mg281,discuss camera-ready submission,2023-12-02 to 2023-12-06,Unspecified,afternoons (GMT),Meeting
mg399,"Task Progress Updates, Integration Strategies, Workflow/Deliverables, Q&A and contingency planning",2024-01-05,https://meet.google.com/rbe-ywgv-ucm,16:00–17:00 IST,Meeting
mg81,"main text integration, consistency check on compliance supplement, joint walk-through of results tables, resolution phase",2023-09-06,,16:30 IST,Meeting
mg21,synthesis session,2023-05-13,,,Meeting
mg180,"Review and discuss key attendee and chair feedback, debate and decide on target journal, identify aspects to expand, plan timeline and delegate writing assignments, address other points",2023-07-30,https://stanford.zoom.us/j/9854673208?pwd=ZDh4aFpNcUpRS2JZdmtSdXdlRzByUT09,16:00 PM IST,Meeting
mg414,"Brief review of shared outline and section drafts, Discussion of compliance, workflow schema, and supplemental visual materials, Michael’s comparative assessment of EMNLP Demo vs. JDoc Technical Communication, Decision on target venue, next writing assignments, and identification of any data/graphics still needed, Timeline for initial draft completion and possible review checkpoints",2023-04-11,https://ox-ac-uk.zoom.us/j/95416388721?pwd=L1CzvS5m8Bg,"17:30 IST (13:00 BST, 05:00 PST)",Meeting
mg405,revision coordination call,2022-03-05,,,Meeting
mg148,"Action Item Review, Revision Deadlines & Internal Milestones, Outstanding Compliance & Administrative Tasks, Discussion of Possible Bottlenecks or Additional Edits, Next Steps and Wrap-Up",2023-01-22,,16:00 UTC,Meeting
mg291,"Review of Camera-Ready Submission, Compliance Checklist, Contingency Planning, Post-Submission Dissemination, Next Research Steps",2023-12-04,,14:30 GMT,Meeting
mg305,"rehearsal: Opening Statements, Session Transitions, Q&A Handling, Closing Segment, Contingency Scenarios",2021-07-26,https://zoom.us/j/96837465123?pwd=LmHFhr64oyREheZV,6:30 PM IST,Meeting
mg328,"Major Edit Review, Compliance & IRB Protocols, Editorial Harmonization, Bibliography and Appendix Finalization, Submission Strategy Discussion, Next Steps & Task Deadlines",2023-08-01,TBD,TBD,Meeting
mg82,review progress and finalize contributions,2023-11-04 to 2023-11-08,Zoom,TBD,Meeting
mg147,practical division of labor and establish a timeline for iterative reviews,2021-01-22,Zoom,16:00 UTC,Meeting
mg178,"debrief agenda, substantive feedback from ACL, journal article pathway",2023-07-30,,4:00 PM IST,Meeting
mg284,live review,Unspecified,https://doodle.com/meeting/participate/id/bkgd-Y9xn,after 14:00 GMT,Meeting
mg119,"confirm A/V, screen sharing, and backup recording",,,,Meeting
mg7,demonstration of correction workflow,upcoming,,,Meeting
mg79,collectively draft a compliance and licensing statement,TBD,,TBD,Meeting
mg362,planning meeting,2023-04-24,,16:00 GMT,Meeting
mg388,"logistics, manuscript finalization, submission venue, timeline, communications",2022-10-15,,16:30 IST,Meeting
mg223,"practice speaker transitions, gauge session timing, troubleshoot technical aspects",2022-04-07,Zoom,TBD,Meeting
mg84,revision process discussion,2023-11-05,,10:00–13:00 IST,Meeting
mg59,finalize division of tasks and discuss the camera-ready submission plan,Before the end of the week,Not specified,Not specified,Meeting
mg229,Review and finalize session summary and speaker bios; Discuss backup procedures for presentation delivery and asset sharing; Confirm any further outreach to JCDL organizers regarding technical or accessibility requirements; Synchronize on next steps once formal acceptance arrives.,2023-04-15,https://meet.google.com/qzi-nrdf-kow,11:30 IST / 07:00 BST / 23:00 PDT,Meeting
mg117,full trial run,2023-09-05,,,Meeting
mg296,focused internal review meeting,2023-03-04,https://doodle.com/meeting/participate/id/abcd1234,,Meeting
mg76,"discussion on JOCCH guidelines, authorship, and abstract preparation",2023-08-16,,15:00 UTC,Meeting
mg293,"submission package review, compliance checklist, contingency plan, dissemination strategy, future research and demo plans, roles & next steps",yesterday,,,Meeting
mg267,"discuss final concerns, distribute action items, ensure draft bullet points address reviewer expectations comprehensively",Thursday,,16:00 IST,Meeting
mg304,rehearsal for live session,2023-04-18,,afternoon IST,Meeting
mg6,interpretability options,2023-04-23,,3 PM IST,Meeting
mg384,decide submission strategy and discuss blog post suggestion,today,,16:00 IST,Meeting
mg41,brief status-update and address any technical or stylistic challenges,2019-12-14,Google Meet,TBD,Meeting
mg142,final integrated manuscript review,N/A,Zoom,N/A,Meeting
mg144,Align on responsibilities,2021-01-22,,16:00 UTC,Meeting
mg53,"Brief overview by each contributor on retrospective summaries, Discussion on key transferable lessons for future journals/conferences, Outline of possible workshop/tutorial proposals, Timeline and division of tasks for drafting any external documentation/tutorial abstract",2023-04-06,https://meet.google.com/xyz-pqmf-btu,12:00-16:00 UK,Meeting
mg410,,,,,Meeting
mg155,"Full presentation walkthrough by Sunita (20–25 minutes); Slide-by-slide feedback focusing on visual and narrative clarity, audience questions/anticipated areas for clarification, timing and transitions; Discussion of remaining action items prior to upload",2019-11-12,https://stanford.zoom.us/j/94728615327,5:30–7:00 pm IST,Meeting
mg285,discussion on the revision phase and draft sections,TBD,,,Meeting
mg224,Zoom run-through,2022-04-08,Not specified,10:00–12:00 GMT,Meeting
mg75,"Distribute sections among co-authors, review JOCCH author guidelines, confirm format for supplementary materials, identify gaps in attendee feedback compilation, discuss timeline for internal drafts and select a provisional submission date",2023-08-16,,15:00 UTC,Meeting
mg200,"Review early feedback from IACS, Oxford, and Stanford press/legal teams; Outline the structure and content of an FAQ annex; Identify additional scenario requirements for the lead-up to JCDL 2022 and possible future conference/journal submissions",2022-11-15,Google Meet link,15:00 IST / 09:30 BST / 01:30 PST,Meeting
mg125,collaborative agenda and action tracker,current_date,https://zoom.us/j/established_zoom_link,14:30 IST,Meeting
mg264,"Rapid overview of final draft and supplementary files, Confirmation of author order and compliance statements, Checklist for JOCCH online submission portal, Q&A or concerns prior to upload",2023-06-24,https://oxford.zoom.us/j/92837462743?pwd=Q2pnV3dVZ2h0N0FQQUJHSkhxeTBzQT09,17:00 IST,Meeting
mg10,,,,,Meeting
mg235,circulation and review of Sunita’s research note structure,2023-05-14,,,Meeting
mg382,"seminar logistics, event materials, session structure, contingencies",not specified,"Stanford Zoom link, meet.google.com/abc-hist-nlp-2024",not specified,Meeting
mg350,,,,,Meeting
mg367,internal review and planning meeting,2024-04-22,,,Meeting
mg337,"discuss section leads, responsibilities, and proposed sources/examples",2023-11-06,https://stanford.zoom.us/j/98567354123?pwd=RefMemo2023,14:00 IST,Meeting
mg137,"finalizing evaluation metrics narrative, clarifying author order and funding statement wording, updating timeline for internal review and pre-submission checks",2023-10-12,Zoom link to be circulated by Michael,17:00 CET/21:30 IST,Meeting
mg255,debrief and refine workshop report outline,today,,,Meeting
mg60,coordinate a Zoom call for revisions,2020-06-18,https://doodle.com/meeting/participate/id/JCDL22Revision,15:00–18:00 BST / 9:30–12:30 IST / 7:00–10:00 PDT,Meeting
mg15,"discuss evaluation benchmarks, pilot with human annotators, and annotation pipeline",2023-05-03,,10:30 AM BST,Meeting
mg191,"Approval of final outreach materials, monitoring embargo compliance, managing media queries, planning for follow-up communications",2022-09-26,,15:30 IST / 11:00 BST,Meeting
mg38,"Quick review of draft expansions for “Limitations” and compliance clarifications, Walkthrough of the new annotator agreement table, Review template for the point-by-point response letter, Assignment of remaining drafting and review/editing responsibilities, Timeline check to ensure we’re on track for the 22 September revision deadline",Not specified,https://stanford.zoom.us/j/91738125460,15:15–16:30 IST,Meeting
mg400,"Task updates, integration plan, formatting/workflow, contingency",2022-01-10,,16:00–17:00 IST,Meeting
mg391,targeted discussion on section updates and finalizing rebuttal outline,2023-11-28,,TBD,Meeting
mg408,pre-consolidation Zoom call,TODAY,https://stanford.zoom.us/j/99821342516?pwd=NLPMajorRev2025,19:30 IST,Meeting
mg1,finalize the project details,next week,,,Meeting
mg227,streamline preparations for JCDL 2022 spotlight session,2023-04-15 or 2023-04-16,,N/A,Meeting
mg162,"Walk through the newly issued ACL camera-ready guidelines, Review the main slide deck, Cross-verify the consistency and provenance details, Finalize and share brief professional bios, Assign owners for any outstanding action items",2023-06-11,,3 PM IST,Meeting
mg140,review harmonized compliance language and resolve any lingering points,2023-10-19,TBD,TBD,Meeting
mg340,revision planning,2022-03-03,,14:00–18:00 GMT,Meeting
mg342,"Quick recap of the major ACL revision points, responsibility allocations and key timelines, discussion of reviewer-specified improvements, consolidation of section leads and action items for the “RSVP to ACL reviewers” letter, timeline for draft completion and next internal review, open floor for additional concerns or integration suggestions",2022-03-03,https://stanford.zoom.us/j/89521467258?pwd=Zk1hLzJvRUdBdDJURlAyR2ZwWXlGZz09,15:00 GMT,Meeting
mg43,"Quick progress updates, identification and discussion of bottlenecks, timeline coordination, final clarifications",2019-11-07,https://meet.google.com/joc-chh-minor-rev,15:30 to 16:00 IST,Meeting
mg213,"confirming the precise announcement date and time, reviewing last-minute embargo logistics, designating points of contact for each institution",tomorrow,,20-minute slot,Meeting
mg103,sign-off meeting,2021-06-12,,,Meeting
mg252,"review live session analytics, collect initial feedback, and identify next steps for documentation and publication",2023-06-01,https://iacs-in.zoom.us/j/89374269201?pwd=debrief2022,17:00 BST,Meeting
mg218,live project spotlight planning,2022-03-31,,late morning GMT,Meeting
mg93,Discuss minor revision progress,2023-03-26,,,Meeting
mg347,"metadata requirements, integration of graphical abstracts, reviewer points, technical issues",2023-03-01,,14:30 GMT,Meeting
mg246,dissemination of pre-event communication to all registered participants,today,,09:00 BST / 13:30 IST,Meeting
mg270,,,,,Meeting
mg130,discussion on submission venue and features matrix,2023-10-03 or 2023-10-05,Google Meet,14:00–17:00 IST (09:30–12:30 BST / 01:30–04:30 PDT),Meeting
mg383,technical check and coordinate last-minute adjustments,2024-01-01,N/A,17:45 IST,Meeting
mg233,team check-in,2023-05-07,Google Meet invite to be circulated,12:00 noon BST / 4:30pm IST / 7:00am PST,Meeting
mg92,align on progress,2019-03-26,N/A,N/A,Meeting
mg387,Confirm integration of latest legal clarifications and workflow diagrams; Discuss and decide between JOCCH and JCDL; Establish a definitive manuscript and figures finalization schedule; Strategize public communication: blog post and/or preprint planning.,2023-09-25,https://meet.google.com/kjg-tqvp-hnm,16:30 IST / 12:00 BST / 04:00 PDT,Meeting
mg336,"1. Section lead assignment and review of outline contributions
2. Discussion on appendices: documentation, approvals, and anonymized samples
3. Data-sharing over multiple years: best-practice recommendations and open challenges
4. Keeping in sync with anticipated JOCCH editorial feedback
5. Setting targets for first full draft and coordinating asynchronous review",2023-11-04,,,Meeting
mg271,grant proposal brainstorming,2019-08-12,,except for the 14th,Meeting
mg313,pin down the cross-over points between error analysis and semantic metrics,2023-05-06,,15:00 BST/07:00 PDT,Meeting
mg114,sharing draft slide deck framework,2023-08-20,,,Meeting
mg339,allocate responsibilities for each major revision point and decide on a realistic timeline for draft updates,2022-03-03,,,Meeting
mg244,check-in call,2023-05-25,,,Meeting
mg308,Debrief call post-presentation,2023-04-28,,5:00 PM IST,Meeting
mg371,"finalize authorship and distribution for the preprint, review the virtual seminar format options",2023-09-15,,,Meeting
mg357,quick walkthrough and final sign-off,2024-03-25,Zoom,TBD,Meeting
mg412,discuss outline bullet points and move initiative forward,2023-04-10,,17:30 IST,Meeting
mg108,,,,,Meeting
mg98,,,,,Meeting
mg203,synthesizing cross-institutional practices and harmonizing wording for key scenarios,2023-11-15,,15:30 IST / 10:00 BST / 02:00 PST,Meeting
mg363,planning session,2024-04-24,,N/A,Meeting
mg277,clarifying cross-institutional requirements for UKRI grant narrative,2023-08-17,,late afternoon IST,Meeting
mg160,urgent issues or brief call,2023-04-27,,short notice,Meeting
mg287,submission checklist and portal walkthrough,2023-12-04,,,Meeting
mg303,"AV Check, Full Presentation Run, Live Q&A Practice, Debrief & Feedback",,,,Meeting
mg248,,,,,Meeting
mg377,"Review of Technical Note Outline, Next Steps for Figures and Supplementary Material, Feedback Timelines, Seminar Organization, Action Items and Internal Deadlines",Today,,16:00–17:00 IST,Meeting
mg238,technical and flow feedback,2023-05-19,,,Meeting
mg51,address any questions,2020-03-02,Zoom,,Meeting
mg324,consolidate all comments and finalize document,2023-08-01,,,Meeting
mg170,transitions practice,2022-07-17,Zoom,16:30 IST,Meeting
mg286,live Zoom review meeting,2023-12-04,not provided yet,14:30 GMT,Meeting
mg126,"discussion on reproducibility standards, data licensing and citation, annotation toolchain",today,,,Meeting
mg404,"Quick Progress Review, Sectional Discussion, Response Letter Strategy, Open Issues and Next Steps",2023-03-08,https://meet.google.com/nlp-jocch-revision,16:00 IST / 10:30 GMT / 2:30 PST,Meeting
mg208,final check-in,2022-11-25,Unknown,14:30 GMT,Meeting
mg94,,,,,Meeting
mg85,discussion on Section 4.2,2022-11-06,,,Meeting
mg197,,,,,Meeting
mg172,,,,,Meeting
mg351,compliance feedback review,2024-03-06,N/A,12:30 GMT,Meeting
mg380,Stanford Zoom seminar,2024-01-01,https://stanford.zoom.us/meeting/register/tJ0tfuqhrTPoHd8h-pZHSyXA_NLP-HIST-2024,TBD,Meeting
mg381,advance Q&A survey,2024-01-01,https://forms.gle/NLP-HIST2024-Survey,TBD,Meeting
mg364,synthesizing everyone’s input,2023-04-24,,,Meeting
mg228,Discuss presentation assets and session summary,2023-04-15,Google Meet invite,11:30 IST,Meeting
mg353,"finalizing manuscript refinements, repository edits, and checklist sign-offs",2024-02-XX,https://meet.google.com/acl-cam-ready2024,12:30 GMT,Meeting
mg32,troubleshooting session,TBD,Google Meet,short notice,Meeting
mg63,"Brief updates from each member on their assigned revision item, Integration plan for supplementary materials, Checklist for camera-ready submission requirements, Q&A/Additional suggestions",2019-04-11,https://zoom.us/j/92713648290?pwd=JCDL_CameraReady,16:00 BST / 20:30 IST / 8:00 PDT,Meeting
mg154,reviewing slides and collaborating for presentation,TBD,,late afternoons IST,Meeting
mg47,review call,2020-01-20,,4:00 pm IST,Meeting
mg30,robust and comprehensive data release protocol,2023-06-16,,,Meeting
mg240,internal demo run-through,2022-05-19,,,Meeting
mg95,"Brief status check on each assigned task, Discussion on technical bottlenecks, Realignment of internal deadlines if needed and Q&A, Logistics for compiling the final revision package",2019-12-09,https://zoom.us/j/93824651704?pwd=MnRpVlJzMGRzTnBhUWpKOEpFS3J4QT09,16:30 IST,Meeting
mg121,,,,,Meeting
mg101,collective sign-off on the manuscript and supplementary files before ScholarOne upload,2023-06-12,https://doodle.com/meetings/zoom-JOCCH-signoff-12June,TBD,Meeting
mg194,address preliminary reviewer/editorial communications and confirm readiness for outreach,week of 2022-10-14,not specified,not specified,Meeting
mg62,connect on Zoom,TBD,Zoom,TBD,Meeting
mg195,progress review call,2023-10-15,Google Meet link circulated previously,15:00-17:00 IST,Meeting
mg232,brief check-in,2023-05-07,,12:00 noon BST,Meeting
mg23,"quantitative review, qualitative analysis, visualization planning, reviewer expectation matching, drafting assignments",2019-05-06,https://meet.google.com/kzt-evwr-qiu,17:30 IST / 13:00 BST / 05:00 PDT,Meeting
mg13,"check-in, including author responsibilities for a potential ACL/EMNLP submission draft",2023-05-03,,TBD,Meeting
mg141,"Integrated read-through of the complete draft, resolve remaining editorial issues, confirm supplementary material format, assign last internal review responsibilities",2023-10-19,https://stanford.zoom.us/j/93741259102?pwd=RzlEaWxOT0k4SFJLeW1IRkQyZWVqdz09,18:00 CET,Meeting
mg44,finalizing manuscript for JOCCH minor revisions,2019-11-07,,15:30–16:00 IST,Meeting
mg165,final camera-ready submission review,2023-06-11,https://meet.google.com/abc-defg-hij,3 PM IST,Meeting
mg112,"1. Review and sign-off on public summary & communications
2. Finalizing the structure and technical/demo roles for the webinar
3. Confirming registration processes and cross-institutional promotion plan
4. Scheduling and milestones in alignment with the publication’s online release",TBD,https://us02web.zoom.us/j/85123901471?pwd=HstCrNLP2021,15:00 IST / 10:30 BST / 02:30 PDT,Meeting
mg241,Final rehearsal for workshop/tutorial,2020-10-11,https://stanford.zoom.us/j/95462137955?pwd=demo2022,13:00 BST / 17:30 IST / 5:00 PDT,Meeting
mg318,Review draft outline and provide feedback,2023-07-18,Zoom link to be circulated,TBD,Meeting
mg190,synthesis review and planning for external dissemination,2020-09-26,,,Meeting
mg366,internal review package,2023-04-24,,,Meeting
mg326,synchronous discussion,2023-08-01,,,Meeting
mg205,FAQ annex working session,2023-11-15,https://meet.google.com/yfa-jknm-wpt,15:30 IST,Meeting
mg107,"structure of the webinar, responsibilities, demo logistics, registration/promotion plan",2023-08-09,,,Meeting
mg69,pre-session sound check with the conference technician,2020-07-26,provided by the committee,13:15 UTC,Meeting
mg187,collaborative draft environment setup and embargo settings,2023-10-05,,Thursday’s Google Meet,Meeting
mg11,"check-in, review recent files and memos, advance baseline modeling",2023-04-23,https://meet.google.com/hjk-mnrt-xqu,3 PM IST,Meeting
mg370,"Rapid walkthrough of remaining checklist items and manuscript assembly steps, Discussion of final document compilation workflows and corresponding point persons, Clarification of any author order or contribution statement nuances, Confirmation of Zenodo/embargoed data release logistics, Contingencies for last-minute edits or required approvals",2023-05-11,https://ox-ac-uk.zoom.us/j/98617325481?pwd=JOCCHfinal27,16:00-17:00 IST,Meeting
mg146,,,,,Meeting
mg334,finalize the division of topics and clarify any institutional segments,2019-11-01,,,Meeting
mg396,finalize responsibility assignments and deliverable deadlines,2024-01-05,,16:00–17:00 IST,Meeting
mg201,,,,,Meeting
mg118,rehearsal and roundtable discussion,2023-09-05,,,Meeting
mg310,debrief,today,,,Meeting
mg401,"1. Rapid review of comparative outlines (Ananya’s and Michael’s inputs; my cross-referenced annotations for Indian and UK/EU datasets). 2. Live drafting of the new Section 4.2 content, integrating all jurisdictional insights and reviewer-requested narrative expansions. 3. Detailed mapping of NLI-specific considerations (tiered consent, anonymization, cross-border sharing) and any regulatory divergences noted from Japan/Chile. 4. Delegation of drafting responsibilities for compliance appendices and bibliography harmonization.",2023-01-16,https://meet.google.com/nmt-ksqj-bve,14:30 IST,Meeting
mg265,reviewing the author order and ensuring compliance checklist completion,2023-06-24,,17:00 IST,Meeting
mg184,"Quick alignment on the manuscript timeline, final feedback on the workflow diagram, review and harmonization of submitted case study vignettes, walk-through of the comparative protocol table, next steps for full integration",Today,,"7pm IST (2:30pm BST, 6:30am PDT)",Meeting
mg12,"dataset harmonization, OCR correction workflow, interpretability analyses, baseline model planning, submission planning",2019-04-19,,3-4:30 PM IST,Meeting
mg74,JCDL 2020 Tutorial Debrief,2019-05-22,Google Meet,,Meeting
mg317,"Rapid review of all peer-incorporated manuscript and appendix edits, resolution of flagged queries, final ACM JOCCH compliance checklist walkthrough, assignment of roles for submission and metadata entry",2023-05-16,,14:30 IST,Meeting
mg143,"submit revised, camera-ready version",2021-09-14,,23:59 UTC,Meeting
mg254,"comprehensive review, technical troubleshooting logs, chat transcript highlights, brainstorm guidelines document",TBD,Zoom session,17:00 BST / 21:30 IST / 09:00 PDT,Meeting
mg202,,,,,Meeting
mg221,Discussing departmental updates and further talking points for the live spotlight session,Today,,In a few hours,Meeting
mg386,focused agenda and pre-circulation of summary of required revisions,2023-09-25,,16:30 IST,Meeting
mg220,JCDL live project spotlight strategy meeting,TBD,https://iacs-in.zoom.us/j/82839145230?pwd=YXB2TkNybXZLYnQ0Rms5QkVyM2tNdz09,11:30 GMT,Meeting
mg355,walk through the submission packet and checklist,2024-03-25,Zoom call,15:00 GMT,Meeting
mg276,"Grant Proposal Discussion, Conference Abstract & Parallel Submission Strategy, Methodological Synergies & Open Questions",2023-08-13,https://us02web.zoom.us/j/88271927388?pwd=collabsession,3:30pm IST / 11:00am BST / 3:00am PDT,Meeting
mg290,"address compliance metadata, author contribution declarations, and dataset licensing",2023-12-04,Zoom session,TBD,Meeting
mg393,,,,,Meeting
mg214,"Confirm the coordinated announcement date and exact time for the press release across IACS, Oxford, and Stanford, in consultation with each institution’s media team; Final review of embargo requirements, including points of contact for urgent issues during the release window; Assignment of responsibilities for sending the 'all-clear' notification to the JCDL program communications liaison and for circulating the approved press release to external partners; Discussion of backup protocols in case any unforeseen last-minute issues arise.",2020-08-16,https://stanford.zoom.us/j/82334712984,16:00 CET / 20:30 IST / 08:00 PT,Meeting
mg402,Section 4.2 collaborative drafting session,today,Google Meet,14:30 IST,Meeting
mg359,"section-by-section walkthrough of the final manuscript and supplementary files; cross-check for formatting, references, and metadata completeness using the ACL validation script; confirm copyright/licensing and presenter status; final upload of the full camera-ready package to the ACL2024 portal",2024-03-25,Zoom,15:30 GMT,Meeting
mg376,preparatory call,2023-09-16,,16:00–17:00 IST,Meeting
mg406,real-time discussion,2023-03-16,Zoom call,,Meeting
mg309,Debrief call,2023-04-28,https://zoom.us/j/94715312680?pwd=JCDLdebrief2023,17:00 PM IST / 12:30 PM BST / 04:30 AM PDT,Meeting
mg173,last-minute technical checks,2022-07-25,,1:00 PM BST / 5:30 PM IST / 5:00 AM PDT,Meeting
mg122,sync-up meeting,2023-09-22,regular Zoom link,,Meeting
mg29,short check-in,2019-06-17,N/A,same time,Meeting
mg68,"Opening remarks, speaker introductions, tutorial presentations and live demonstrations, audience Q&A and closing discussion",2019-05-16,https://stanford.zoom.us/j/98273651139?pwd=JCDL2020NLP,13:30-16:00 UTC,Meeting
mg243,collectively reviewing the remaining logistics and the contingency communication protocol,2023-05-24,,16:00 BST / 20:30 IST / 8:00 PDT,Meeting
mg71,debriefing session,2023-08-02,Google Meet,14:00-17:00 UTC,Meeting
mg397,discussion of current findings and draft materials,2023-10-06,Google Meet link,16:00–17:00 IST,Meeting
mg139,"evaluation metrics finalization, author order and funding statement, compliance and embargo policy, timeline revision, outstanding issues",2023-10-10,N/A,Zoom coordination,Meeting
mg352,"rapid review of any outstanding checklist items, consensus on final Overleaf edits, repository metadata validation, and last steps for submitting the camera-ready packet",2024-03-06,,12:30 GMT,Meeting
mg289,comprehensive submission review,2023-12-04,,,Meeting
mg70,"review feedback, compile lessons learned, assess publication potential, discuss broader engagement",2023-08-01 to 2023-08-05,,,Meeting
