:ID,mailDate,mailNum,:LABEL
e1,2019-04-01,YT6A21,Email
e2,2019-04-01,YT6A22,Email
e3,2019-04-02,YT6A23,Email
e4,2019-04-02,YT6A24,Email
e5,2019-04-02,YT6A25,Email
e6,2019-04-07,YT6A26,Email
e7,2019-04-10,ZR71X3HB,Email
e8,2019-04-12,AJ4KD52N,Email
e9,2019-04-13,P3V8WD4J,Email
e10,2019-04-15,Q9M7XZ8T,Email
e11,2019-04-16,DS4L8R2V,Email
e12,2019-04-17,W8RSK3BQ,Email
e13,2019-04-18,JU4L39XZ,Email
e14,2019-04-18,B9Z4EH5S,Email
e15,2019-04-18,ZD8KL7SW,Email
e16,2019-04-20,AB7FQC9K,Email
e17,2019-04-21,L72FWD19,Email
e18,2019-04-22,F2R6YT89,Email
e19,2019-04-23,MN42KXHS,Email
e20,2019-04-24,V9T5QK23,Email
e21,2019-04-24,X7P4ZJ13,Email
e22,2019-04-25,4GNV9SZP,Email
e23,2019-04-26,SJ9HD3WK,Email
e24,2019-04-27,P8LK3QZR,Email
e25,2019-04-28,MAIL6VM4ZB12,Email
e26,2019-04-29,2NR7PQKW,Email
e27,2019-04-30,MAIL3FP2JK89,Email
e28,2019-04-30,MAIL2H8QWS35,Email
e29,2019-05-01,MAIL8VC1XW04,Email
e30,2019-05-02,MAIL0R3NPX52,Email
e31,2019-05-04,MAIL2B4FDX13,Email
e32,2019-05-05,MAIL4WEXSG76,Email
e33,2019-05-06,MAIL1VF9CZ82,Email
e34,2019-05-06,MAIL7KLWXP01,Email
e35,2019-05-07,MAILN84PXVR5,Email
e36,2019-05-08,MAIL58PL9VCY,Email
e37,2019-05-09,MAIL2VJ4NARY,Email
e38,2019-05-10,MAILK3D9PZI7,Email
e39,2019-05-11,MAIL7T3QPWB1,Email
e40,2019-05-12,MAILGXK5T2QP,Email
e41,2019-05-12,MAILF39WV12K,Email
e42,2019-05-13,MAILE5FP1LQZ,Email
e43,2019-05-14,MAILWTG8Q12R,Email
e44,2019-05-15,MAILZTM27A6H,Email
e45,2019-05-16,MAILP9T2NJ5C,Email
e46,2019-05-17,MAILAB92QPV1,Email
e47,2019-05-18,MAILEW4VTQSZ,Email
e48,2019-05-18,MAILQ7HY82KP,Email
e49,2019-05-19,MAILFY98K3WN,Email
e50,2019-05-20,MAILKNQ41TVD,Email
e51,2019-05-21,MAILC2R9UZ8Q,Email
e52,2019-05-22,MAIL3HN9BKXQ,Email
e53,2019-05-23,MAIL6VW84RBG,Email
e54,2019-05-24,MAILR29JAPCS,Email
e55,2019-05-25,MAILP4F82ZNQ,Email
e56,2019-05-27,MAILEU81G5VC,Email
e57,2019-05-29,MAILTJ1Z374D,Email
e58,2019-05-30,MAILYN48XJ2B,Email
e59,2019-06-01,MAILDW17QPZL,Email
e60,2019-06-03,MAIL5RJ7C2FV,Email
e61,2019-06-04,MAILE69HJMV1,Email
e62,2019-06-05,MAIL7KGB28HC,Email
e63,2019-06-06,MAIL4RC8ZTWQ,Email
e64,2019-06-07,MAILPQ61VJ8T,Email
e65,2019-06-08,MAILE73HJVS2,Email
e66,2019-06-09,MAILR9W3YTKV,Email
e67,2019-06-09,MAILQFZ19UMC,Email
e68,2019-06-10,MAIL1NVF3JL9,Email
e69,2019-06-10,MAILWF5N3R8C,Email
e70,2019-06-25,MAILBU84WK31,Email
e71,2019-08-03,MAILJ82D6MUV,Email
e72,2019-08-04,MAILA93SVWX7,Email
e73,2019-08-05,MAILH2P8TBVW,Email
e74,2019-08-06,MAIL4N2S8ZEM,Email
e75,2019-08-07,MAILQ7W4TM1V,Email
e76,2019-08-08,MAILE9T7PZD5,Email
e77,2019-08-08,MAIL7SX1CHQ8,Email
e78,2019-08-09,MAIL68RT1QXS,Email
e79,2019-08-10,MAILFE2Q7SVM,Email
e80,2019-08-11,MAIL89WJ3NCP,Email
e81,2019-08-12,MAILU51MN4AC,Email
e82,2019-08-14,MAIL5DYH8ZQP,Email
e83,2019-08-15,MAILA5W4TJQ2,Email
e84,2019-09-16,MAILM7PH2QZ8,Email
e85,2019-11-03,MAILVGZ74QHB,Email
e86,2019-11-04,MAILP4C8VJXS,Email
e87,2019-11-05,MAILQ5RX9KLT,Email
e88,2019-11-06,MAILUZ14P3SK,Email
e89,2019-11-06,MAILNST8QX3W,Email
e90,2019-11-06,MAILD5RM8CYT,Email
e91,2019-11-08,MAILE9H2FXTB,Email
e92,2019-11-09,MAILHZ4F1J3G,Email
e93,2019-11-10,MAILXHT28FQM,Email
e94,2019-11-10,MAILJKW19UZP,Email
e95,2019-11-11,MAIL8QH46MVT,Email
e96,2019-11-12,MAILUFJ9P2KX,Email
e97,2019-11-12,MAILBLZ3A8YQ,Email
e98,2019-11-13,MAIL7ZA5PNXM,Email
e99,2019-11-15,MAILGL7XP2QZ,Email
e100,2019-12-01,MAILQ8HZ2CW7,Email
e101,2019-12-02,MAILWB95TY30,Email
e102,2019-12-03,MAILT7HXQW3L,Email
e103,2019-12-04,MAIL4EBQ7XZF,Email
e104,2019-12-04,MAILE1827QZL,Email
e105,2019-12-05,MAILYQ7H5PRB,Email
e106,2019-12-06,MAIL9VKH5X0M,Email
e107,2019-12-07,MAIL2BK9Q0XZ,Email
e108,2019-12-09,MAILSYZT58FG,Email
e109,2019-12-15,MAILU4RHAQ01,Email
e110,2020-01-02,MAIL5ZWL2TCQ,Email
e111,2020-01-04,MAILGT5AL19X,Email
e112,2020-01-05,MAILPR36D7VQ,Email
e113,2020-01-10,MAILE1Q2ZK5N,Email
e114,2020-01-13,MAIL3JVTQY8L,Email
e115,2020-01-17,MAIL9N35WQXP,Email
e116,2020-01-18,MAIL4Q8V73YD,Email
e117,2020-01-20,MAILRY7F6PQ4,Email
e118,2020-01-22,MAILSD8H5XP2,Email
e119,2020-01-26,MAIL89GS3JR5,Email
e120,2020-01-29,MAILTW5X48Z1,Email
e121,2020-01-31,MAILH9S43DFL,Email
e122,2020-02-01,MAIL4M6JD28P,Email
e123,2020-02-01,MAILVK8N1PS3,Email
e124,2020-02-03,MAILE21J7KZ5,Email
e125,2020-02-09,MAILTZ58SDEQ,Email
e126,2020-02-13,MAILZ8N4RTSY,Email
e127,2020-02-15,MAILU7SR504K,Email
e128,2020-02-16,MAILQT9Z62PM,Email
e129,2020-02-18,MAILXR297EYM,Email
e130,2020-02-20,MAILAK4Z83TR,Email
e131,2020-02-21,MAILH9F5M1VL,Email
e132,2020-02-22,MAIL1P7X4E9N,Email
e133,2020-02-22,MAILNP84KJY2,Email
e134,2020-02-23,MAILE5R29QTM,Email
e135,2020-02-23,MAILV7FGXU19,Email
e136,2020-02-24,MAILQ19Y6D3A,Email
e137,2020-02-24,MAILU16TWSQ8,Email
e138,2020-04-10,MAILRAK93ULG,Email
e139,2020-04-10,MAILDZ5A8KQ3,Email
e140,2020-04-11,MAILG24LSKH8,Email
e141,2020-04-11,MAILE7104DPS,Email
e142,2020-04-12,MAILT09W1GQ5,Email
e143,2020-04-13,MAILYH7WKE32,Email
e144,2020-04-15,MAILNF2Q6XLB,Email
e145,2020-04-17,MAIL871D5QXJ,Email
e146,2020-04-17,MAILV39WUQ60,Email
e147,2020-04-18,MAILN48MHZR3,Email
e148,2020-04-19,MAIL29VCJUS5,Email
e149,2020-04-20,MAILT84JGX93,Email
e150,2020-04-23,MAILE94LJAPQ,Email
e151,2020-05-06,MAILH8ZR57VQ,Email
e152,2020-05-07,MAILQ28FZJ63,Email
e153,2020-05-08,MAILU08KNBW2,Email
e154,2020-05-09,MAILYS03D2C4,Email
e155,2020-05-10,MAIL4AB91MPX,Email
e156,2020-05-12,MAILN2RB5GYD,Email
e157,2020-05-13,MAILE7P2VTXB,Email
e158,2020-05-14,MAILN8X6QA1S,Email
e159,2020-05-15,MAIL5KY81ALD,Email
e160,2020-05-17,MAIL1ADV9ZQW,Email
e161,2020-05-17,MAILQ2G7XBLS,Email
e162,2020-05-18,MAILU9XV7K3J,Email
e163,2020-05-18,MAIL6PV1QLR8,Email
e164,2020-05-23,MAIL84MNYQZT,Email
e165,2020-05-23,MAIL0AKPGH6X,Email
e166,2020-05-24,MAIL7XEF4VR1,Email
e167,2020-05-26,MAIL0M4FYWJS,Email
e168,2020-05-27,MAILJ452GYQP,Email
e169,2020-05-28,MAILEBXQ972S,Email
e170,2020-05-29,MAILUV7NLZ5G,Email
e171,2020-05-30,MAILNM8P4S0R,Email
e172,2020-06-01,MAILE7ZRH6U9,Email
e173,2020-06-03,MAIL8Y4XRQJM,Email
e174,2020-06-03,MAIL0Z27NQY4,Email
e175,2020-06-04,MAIL6NS7P5XC,Email
e176,2020-06-05,MAIL7AYB3QW4,Email
e177,2020-06-06,MAILW93RFD8K,Email
e178,2020-06-08,MAIL3RQT7D2V,Email
e179,2020-06-09,MAILR8N5MX4Z,Email
e180,2020-06-11,MAIL71FZXPQB,Email
e181,2020-06-13,MAILYQ0FMSJ8,Email
e182,2020-06-15,MAILUR0C52AW,Email
e183,2020-06-17,MAILYW15QH3T,Email
e184,2020-06-19,MAIL7DXQ2VLC,Email
e185,2020-06-20,MAIL9VL12SXM,Email
e186,2020-06-21,MAIL5MFVDPOT,Email
e187,2020-06-22,MAILTJ0CZR62,Email
e188,2020-06-23,MAILHQ2F7PG8,Email
e189,2020-06-24,MAIL2A8WBZR7,Email
e190,2020-06-27,MAILW8J6BV3A,Email
e191,2020-08-03,MAILF1T8ZQK9,Email
e192,2020-08-05,MAIL73UPQXJ2,Email
e193,2020-08-06,MAIL6BZLTW81,Email
e194,2020-08-07,MAILV85JKPN7,Email
e195,2020-08-07,MAILR93ATP1K,Email
e196,2020-08-08,MAILXT21Y8SV,Email
e197,2020-08-12,MAILQ1B5ZWM9,Email
e198,2020-08-15,MAIL6NF1RXZ4,Email
e199,2020-08-17,MAILK3FT9WPL,Email
e200,2020-08-18,MAILSS9BG3YR,Email
e201,2020-08-19,MAILPF72QXJN,Email
e202,2020-08-20,MAILGF35PDLN,Email
e203,2020-08-22,MAILUFP7YLB8,Email
e204,2020-08-23,MAIL7NKWPDG1,Email
e205,2020-08-24,MAILF9QB2ST6,Email
e206,2020-10-23,MAIL76PKFQ2S,Email
e207,2020-10-25,MAIL3PA7YZXT,Email
e208,2020-10-26,MAILJM845CT7,Email
e209,2020-10-27,MAILV7K6S3HF,Email
e210,2020-10-28,MAIL2DFYRJU9,Email
e211,2020-10-29,MAIL57JWBKXN,Email
e212,2020-10-29,MAILR5V1QSN9,Email
e213,2020-10-30,MAILSY83LQZ1,Email
e214,2020-10-31,MAIL1DXV7GFS,Email
e215,2020-11-01,MAILUZ148JK5,Email
e216,2020-11-02,MAILQ8HG2ZVC,Email
e217,2020-11-04,MAILV97KTBQ2,Email
e218,2020-11-04,MAILRM384VCW,Email
e219,2020-11-07,MAIL3DF92WNK,Email
e220,2020-11-09,MAILJ8WV4LXO,Email
e221,2020-12-05,MAILPB4T9K3G,Email
e222,2020-12-07,MAILNQ572JLV,Email
e223,2020-12-08,MAILE3QKTU5V,Email
e224,2020-12-09,MAILX7M5F8AP,Email
e225,2020-12-09,MAILKQ9DHL7S,Email
e226,2020-12-11,MAIL1DZT5XQE,Email
e227,2020-12-14,MAIL82AXJ9LT,Email
e228,2020-12-15,MAILR873LWX6,Email
e229,2020-12-15,MAILN83Z3YLS,Email
e230,2020-12-17,MAILD26QZPLB,Email
e231,2020-12-19,MAILS58JG2LU,Email
e232,2020-12-21,MAILQB4E93NW,Email
e233,2020-12-22,MAILE9QX1W43,Email
e234,2021-01-24,MAILJ92KLD7P,Email
e235,2021-01-25,MAIL2XNC51SK,Email
e236,2021-01-27,MAIL3TSK98RZ,Email
e237,2021-01-29,MAILQ5E7DZJ2,Email
e238,2021-02-03,MAILSK3F7P0V,Email
e239,2021-02-06,MAILGB5Y21AP,Email
e240,2021-02-08,MAILNU1SHK7Q,Email
e241,2021-02-09,MAILDK82RPA4,Email
e242,2021-02-12,MAILE1JV6PQ3,Email
e243,2021-02-15,MAILF49J8L2H,Email
e244,2021-02-17,MAILHL9F1QX7,Email
e245,2021-02-24,MAILK2V8RM3D,Email
e246,2021-03-05,MAIL97YF2KSH,Email
e247,2021-03-07,MAIL8DPS3BVN,Email
e248,2021-03-09,MAILJ4X8MQT9,Email
e249,2021-03-10,MAILR8N5MCF2,Email
e250,2021-03-10,MAILU3CVH92B,Email
e251,2021-03-13,MAILDE87S4A0,Email
e252,2021-03-17,MAILX9HM7EN2,Email
e253,2021-03-19,MAILQ2B7SZMJ,Email
e254,2021-03-20,MAIL1KDZCV2Q,Email
e255,2021-03-23,MAIL7S2DFN4J,Email
e256,2021-03-25,MAILU8F3B2HS,Email
e257,2021-03-27,MAILF7R6P1XZ,Email
e258,2021-03-30,MAIL3AL8V2XQ,Email
e259,2021-03-31,MAILJ9QL47AW,Email
e260,2021-04-01,MAILZ4R2TN6F,Email
e261,2021-04-02,MAILR3S6BZ1P,Email
e262,2021-04-04,MAILSX28F5KL,Email
e263,2021-04-05,MAILAWJX27YM,Email
e264,2021-04-06,MAILY6E8VB2S,Email
e265,2021-04-09,MAILBG4W5KQT,Email
e266,2021-04-11,MAILQZX58J9L,Email
e267,2021-04-12,MAILE8G5NZ0R,Email
e268,2021-04-14,MAIL44VF1S8P,Email
e269,2021-04-17,MAILJ4FBX6ZT,Email
e270,2021-04-18,MAIL2QZR75GS,Email
e271,2021-04-21,MAILWY38KP1N,Email
e272,2021-04-23,MAIL3PNZX8RS,Email
e273,2021-04-25,MAILC9G8PYQ3,Email
e274,2021-04-29,MAILNQ9BX47S,Email
e275,2021-04-30,MAILE839T6Q5,Email
e276,2021-05-02,MAILZXC943FD,Email
e277,2021-05-03,MAIL46DBNOQ2,Email
e278,2021-05-05,MAIL2X93KLQP,Email
e279,2021-05-06,MAILWL3UFZ84,Email
e280,2021-05-08,MAILGB94V1KT,Email
e281,2021-05-09,MAIL68BNSKW3,Email
e282,2021-05-10,MAIL2XT94GQ1,Email
e283,2021-05-11,MAILE94JK21Z,Email
e284,2021-05-12,MAILSZ8KQPL2,Email
e285,2021-05-12,MAILUB4J6X3K,Email
e286,2021-05-13,MAIL5QK72NJS,Email
e287,2021-05-14,MAIL84GSYMT5,Email
e288,2021-05-15,MAILE12CRJK9,Email
e289,2021-05-16,MAIL3PXVZ78A,Email
e290,2021-05-17,MAILZX92EPC3,Email
e291,2021-05-17,MAILXQ9821LM,Email
e292,2021-05-18,MAIL72GZFEM6,Email
e293,2021-05-19,MAILE42V7BQN,Email
e294,2021-05-20,MAIL5LQ1X08B,Email
e295,2021-05-21,MAILR7Q4W2JZ,Email
e296,2021-05-21,MAIL892JSQKL,Email
e297,2021-05-22,MAILV2HN9P1K,Email
e298,2021-05-23,MAILK8L0W3XD,Email
e299,2021-05-23,MAILXU59T0SH,Email
e300,2021-05-24,MAILN4ZD8JQE,Email
e301,2021-05-25,MAIL3U8F7OCR,Email
e302,2021-05-26,MAILJ87KC3PQ,Email
e303,2021-05-27,MAILEP0QZ7L2,Email
e304,2021-05-28,MAIL5YXW3GVT,Email
e305,2021-05-28,MAILLM21K4TF,Email
e306,2021-05-29,MAILLX9T7VJ3,Email
e307,2021-05-29,MAILE8G5JV72,Email
e308,2021-05-30,MAIL97FQPJ2X,Email
e309,2021-05-31,MAILT2K1X8QP,Email
e310,2021-06-02,MAILJNQ82SLA,Email
e311,2021-06-03,MAILWQ3E1F7V,Email
e312,2021-06-04,MAILA5KP7QTB,Email
e313,2021-06-05,MAILYG5U2PDM,Email
e314,2021-06-07,MAIL52NVGKR3,Email
e315,2021-06-08,MAILK7Q3DJPA,Email
e316,2021-06-09,MAILS9CK37PB,Email
e317,2021-06-10,MAILE8LF9SYW,Email
e318,2021-06-11,MAILBG5C29QT,Email
e319,2021-06-13,MAILU7ZT14MB,Email
e320,2021-08-19,MAILG8B2MJK9,Email
e321,2021-08-20,MAILVS849QPL,Email
e322,2021-08-21,MAIL93N5XELV,Email
e323,2021-08-22,MAILHY4QLG28,Email
e324,2021-08-23,MAILF2MN5GQ7,Email
e325,2021-08-24,MAILT19GBXE3,Email
e326,2021-08-25,MAIL7VGD2NHK,Email
e327,2021-08-25,MAILEQF9GH56,Email
e328,2021-08-26,MAILK1MC7PL9,Email
e329,2021-08-28,MAILD7CHP416,Email
e330,2021-08-31,MAIL8ZHF23QX,Email
e331,2021-09-03,MAIL56RZ3N2L,Email
e332,2021-09-06,MAILJR8H24YQ,Email
e333,2021-09-07,MAILY5U3QJ17,Email
e334,2021-09-09,MAIL3UPLKYGX,Email
e335,2021-09-10,MAIL9A4SJXTB,Email
e336,2021-09-12,MAILME2NFXQG,Email
e337,2021-09-12,MAILEU947XCF,Email
e338,2021-09-18,MAILJT49DFXQ,Email
e339,2021-09-20,MAILK57YWXQJ,Email
e340,2021-09-23,MAILLY43FSTP,Email
e341,2021-09-28,MAILQU62SKVL,Email
e342,2021-09-29,MAILA83CFPLM,Email
e343,2021-10-01,MAILTF58BZQH,Email
e344,2021-10-05,MAILWS8XY0NJ,Email
e345,2021-10-06,MAILF59GHYWR,Email
e346,2021-10-11,MAILS91TZF2X,Email
e347,2021-10-15,MAILP53VHB2T,Email
e348,2021-10-17,MAILK3YQ7PV7,Email
e349,2021-10-21,MAILUX48MP20,Email
e350,2021-10-23,MAILC49TNRF2,Email
e351,2021-10-29,MAILJ81N4XFR,Email
e352,2021-11-02,MAILWQ84POLN,Email
e353,2021-11-04,MAILBGN4TZU5,Email
e354,2021-11-05,MAILT3K5NVL2,Email
e355,2021-11-07,MAIL8JN5DLQ2,Email
e356,2021-11-08,MAILVR69CHU8,Email
e357,2021-11-09,MAILEF43PLXO,Email
e358,2021-11-10,MAILJG8KX9VM,Email
e359,2021-11-11,MAIL6LG2V91X,Email
e360,2021-11-11,MAILSRK8Z10C,Email
e361,2021-11-13,MAILP7DS4V3K,Email
e362,2021-11-14,MAILA92FDG5S,Email
e363,2021-11-15,MAILMKT398YD,Email
e364,2021-11-16,MAIL4G8V5E2Y,Email
e365,2021-11-16,MAILPLU9S0KM,Email
e366,2021-12-14,MAILR6QP7HD4,Email
e367,2021-12-15,MAILW8F1VYQ3,Email
e368,2021-12-16,MAIL7HS39AFQ,Email
e369,2021-12-18,MAILDSM73KXQ,Email
e370,2021-12-19,MAILE812V3PK,Email
e371,2021-12-20,MAIL2AXY9VWR,Email
e372,2021-12-22,MAILJX5T3QPW,Email
e373,2021-12-23,MAIL4PY6JQB3,Email
e374,2021-12-24,MAIL95LX4YTQ,Email
e375,2021-12-26,MAILNT7W4QZV,Email
e376,2021-12-27,MAILEV5P6HJL,Email
e377,2021-12-29,MAILV27FG81B,Email
e378,2021-12-30,MAILJK39DPZC,Email
e379,2021-12-31,MAILEU7QX13A,Email
e380,2022-01-12,MAILT5B8WY2C,Email
e381,2022-01-13,MAIL4V8XZUP2,Email
e382,2022-01-15,MAILGQZ48VLD,Email
e383,2022-01-16,MAILAH8FSWP2,Email
e384,2022-01-17,MAIL3G7BE6VP,Email
e385,2022-01-19,MAILEP7ZUKR1,Email
e386,2022-01-19,MAILEU72D3V1,Email
e387,2022-01-20,MAILV6YZJ359,Email
e388,2022-01-21,MAIL7S4KD9VT,Email
e389,2022-01-22,MAILFP2H8UZS,Email
e390,2022-01-23,MAIL9MD3K2SW,Email
e391,2022-01-24,MAILFR1B2VQ8,Email
e392,2022-01-24,MAILE82NVM5K,Email
e393,2022-01-25,MAILU3DH46ZY,Email
e394,2022-01-26,MAILN8ZH72FS,Email
e395,2022-01-27,MAIL2QGF57AM,Email
e396,2022-01-28,MAIL7YR2QP1W,Email
e397,2022-01-29,MAILP57QXJKL,Email
e398,2022-01-29,MAILES4BKP83,Email
e399,2022-01-30,MAILF95BM8TZ,Email
e400,2022-01-31,MAILJ39KDZ1F,Email
e401,2022-02-01,MAIL1X7BKDZ3,Email
e402,2022-02-01,MAIL3F7NKLQ2,Email
e403,2022-02-02,MAILD2V87PQM,Email
e404,2022-02-02,MAIL7K29XBTL,Email
e405,2022-02-04,MAILP4A8B9WJ,Email
e406,2022-02-06,MAILE1R92QMB,Email
e407,2022-02-06,MAILX8FAQ57P,Email
e408,2022-02-08,MAIL4DZ7R2S9,Email
e409,2022-02-09,MAIL51RZDKPV,Email
e410,2022-02-11,MAILAF90TKQP,Email
e411,2022-02-12,MAILUTQ92YXM,Email
e412,2022-02-14,MAIL4T8N1QXR,Email
e413,2022-02-15,MAILFT3W8XZ7,Email
e414,2022-02-17,MAILZ72Y1FHS,Email
e415,2022-02-18,MAIL12X9MJ8L,Email
e416,2022-02-19,MAILU0SFZH39,Email
e417,2022-02-21,MAIL8DFLJ3ZW,Email
e418,2022-02-22,MAILE61N9ZJK,Email
e419,2022-02-23,MAILN6M2JQVE,Email
e420,2022-02-24,MAIL2BQGJ71K,Email
e421,2022-02-24,MAIL3J7YGDQF,Email
e422,2022-02-24,MAILQ74DSXP2,Email
e423,2022-02-25,MAILB72PJD4M,Email
e424,2022-02-26,MAIL24NSQZL8,Email
e425,2022-02-27,MAILE8V2RZQS,Email
e426,2022-02-28,MAILQ58DZVL3,Email
e427,2022-03-04,MAILRZ58GKPW,Email
e428,2022-03-06,MAILWF8Z23GJ,Email
e429,2022-03-09,MAILKL98XWER,Email
e430,2022-03-11,MAILPW4N2X7Q,Email
e431,2022-03-13,MAILT47G2YKS,Email
e432,2022-03-17,MAILAU81KTPX,Email
e433,2022-03-18,MAIL9W7PZVQ3,Email
e434,2022-03-19,MAILE54MSZ19,Email
e435,2022-03-19,MAILL28CX1FD,Email
e436,2022-03-20,MAILQ52C8NML,Email
e437,2022-03-22,MAILY5JK29XM,Email
e438,2022-03-26,MAIL4XM2QNTB,Email
e439,2022-03-30,MAIL27NCXUVP,Email
e440,2022-04-01,MAIL1N8ZJ3KV,Email
e441,2022-04-03,MAILJD3X7P2L,Email
e442,2022-04-04,MAILM3WJ7S8D,Email
e443,2022-04-06,MAILW9J4S1QN,Email
e444,2022-04-06,MAILH8N2S0VW,Email
e445,2022-04-09,MAILJK29BX4L,Email
e446,2022-04-12,MAILE0B2F6KD,Email
e447,2022-04-12,MAILP8K5M3Y2,Email
e448,2022-04-13,MAILG5QJ8S1W,Email
e449,2022-04-14,MAILF4Y8S2MW,Email
e450,2022-04-16,MAILJ5N8W2XF,Email
e451,2022-04-18,MAILR4X2K7VM,Email
e452,2022-04-19,MAILA8M5Y1ZT,Email
e453,2022-04-21,MAILU9F7S6PM,Email
e454,2022-04-22,MAILZ2D8M1JP,Email
e455,2022-04-23,MAILH3Q4R7PL,Email
e456,2022-04-24,MAILV7X6T2QD,Email
e457,2022-04-25,MAILX3S2V5NB,Email
e458,2022-04-27,MAILE7U5K0TY,Email
e459,2022-04-28,MAILP2V9K7ZW,Email
e460,2022-04-29,MAILS6B5H8TJ,Email
e461,2022-04-29,MAILF8L2W5XQ,Email
e462,2022-05-01,MAILD5T4Q9ER,Email
e463,2022-05-02,MAILE3V7W2ZA,Email
e464,2022-05-05,MAILP3S8Q1DM,Email
e465,2022-05-06,MAILF4N1C2QB,Email
e466,2022-05-09,MAILS2E7M8KL,Email
e467,2022-05-11,MAILQ7U3V5NJ,Email
e468,2022-05-12,MAILE7K9TU3B,Email
e469,2022-05-12,MAILF8P4R2CW,Email
e470,2022-05-13,MAILX1D9E7ZP,Email
e471,2022-05-13,MAILH3G7V2YD,Email
e472,2022-05-14,MAILE5W9Q4JT,Email
e473,2022-05-15,MAILL7F8J2QP,Email
e474,2022-05-16,MAILK4N2V7EF,Email
e475,2022-05-17,MAILV9J8L2FM,Email
e476,2022-05-18,MAILQ9B3A7UT,Email
e477,2022-07-20,MAILS3K7U1XC,Email
e478,2022-07-21,MAILL8F6P2WR,Email
e479,2022-07-22,MAILA7U5J2LF,Email
e480,2022-07-23,MAILW8B7K3TE,Email
e481,2022-07-25,MAILJ2D8M6YZ,Email
e482,2022-07-27,MAILP4V2H9MQ,Email
e483,2022-07-28,MAILU5Q8D2VS,Email
e484,2022-07-29,MAILZ7B1L4NT,Email
e485,2022-08-01,MAILG3S9D4XB,Email
e486,2022-08-02,MAILE8W5Z6QF,Email
e487,2022-08-03,MAILV2N3Q8HU,Email
e488,2022-08-04,MAILX8C4S9DJ,Email
e489,2022-08-06,MAILB1N5E3WT,Email
e490,2022-08-07,MAILT7H9K4ML,Email
e491,2022-08-08,MAILY3R5B7XZ,Email
e492,2022-08-08,MAILP4J2S6XC,Email
e493,2022-08-09,MAILN7D8V6QP,Email
e494,2022-08-10,MAILF9D7L2ST,Email
e495,2022-08-11,MAILR8Q4Z1VM,Email
e496,2022-08-12,MAILS3Y9M4QT,Email
e497,2022-08-13,MAILL7P3V2SB,Email
e498,2022-08-13,MAILZ3K7Q1BW,Email
e499,2022-08-14,MAILP2N8H5TR,Email
e500,2022-08-15,MAILW1F6Z9EV,Email
e501,2022-08-17,MAILU5B3Q2HN,Email
e502,2022-08-18,MAILH8L4Y7VB,Email
e503,2022-08-19,MAILY2L7X9QD,Email
e504,2022-08-19,MAILA9J3T7LU,Email
e505,2022-08-20,MAILQ8M2VLXJ,Email
e506,2022-08-22,MAILV5P1DK3H,Email
e507,2022-08-23,MAILF8H4SK5B,Email
e508,2022-08-24,MAILN4T7XBQ1,Email
e509,2022-08-25,MAILZ8S2QMLC,Email
e510,2022-08-25,MAILW5D8X3NC,Email
e511,2022-08-26,MAILY1P6SMUJ,Email
e512,2022-08-28,MAILM2K4Q5WN,Email
e513,2022-08-29,MAILE4J8SZMY,Email
e514,2022-08-30,MAILB9Q3DZK2,Email
e515,2022-08-31,MAILN8L2DKPS,Email
e516,2022-08-31,MAILT5R2LCQ7,Email
e517,2022-08-31,MAILV3T5MZ82,Email
e518,2022-08-31,MAILSJ74QRXP,Email
e519,2022-09-01,MAIL8XPLT3QW,Email
e520,2022-09-02,MAILF2DJ08UV,Email
e521,2022-09-03,MAILP39TRV1Q,Email
e522,2022-09-04,MAIL7FLQTD34,Email
e523,2022-09-05,MAIL5DKP3ZYA,Email
e524,2022-09-06,MAILK8RZ3YX0,Email
e525,2022-09-06,MAILE1Z5X8BV,Email
e526,2022-09-07,MAILJ4MDXK72,Email
e527,2022-09-08,MAIL3TLVZRKY,Email
e528,2022-09-08,MAILVQ9P7L2B,Email
e529,2022-09-09,MAIL2XMN74VC,Email
e530,2022-09-09,MAIL71QFVX32,Email
e531,2022-09-09,MAIL3H7VX1LN,Email
e532,2022-09-10,MAIL5B9ZK7QX,Email
e533,2022-09-11,MAILK3BX2HQN,Email
e534,2022-09-12,MAILV8EZ1KLS,Email
e535,2022-09-12,MAILUY97M5RT,Email
e536,2022-09-12,MAILA2J3XLMQ,Email
e537,2022-09-12,MAILR4K21HJ8,Email
e538,2022-09-12,MAILUB0HQCXZ,Email
e539,2022-09-13,MAILF728GQW1,Email
e540,2022-09-14,MAILRM2TCL89,Email
e541,2022-09-15,MAILT4F1GDQ6,Email
e542,2022-09-16,MAILEJ8TN234,Email
e543,2022-09-17,MAIL5RZ74MNB,Email
e544,2022-09-18,MAIL73NFOVZD,Email
e545,2022-09-18,MAILGY82WLPQ,Email
e546,2022-09-19,MAILX5CG9WT2,Email
e547,2022-09-20,MAILUJQ6N2YS,Email
e548,2022-09-21,MAILPG2483SL,Email
e549,2022-09-22,MAILW19Z75EN,Email
e550,2022-09-23,MAIL6SKZ4RXV,Email
e551,2022-09-24,MAILPTM68YZX,Email
e552,2022-09-24,MAILEM9JG842,Email
e553,2022-09-25,MAIL7BGDH5ZX,Email
e554,2022-09-26,MAILXM2F7J8Q,Email
e555,2022-09-27,MAILJ8NF54T0,Email
e556,2022-09-28,MAILUK2GF1S7,Email
e557,2022-09-29,MAIL7LXWQY93,Email
e558,2022-09-30,MAILF52JLK87,Email
e559,2022-09-30,MAIL81QKJ23X,Email
e560,2022-10-01,MAILX5GM3C82,Email
e561,2022-10-02,MAILZ8YJQ47N,Email
e562,2022-10-03,MAILD2HFQ943,Email
e563,2022-10-04,MAILPK7ZC318,Email
e564,2022-10-05,MAILV4JPK093,Email
e565,2022-10-05,MAILF382BJ9Q,Email
e566,2022-10-06,MAILY7QBRK5C,Email
e567,2022-10-07,MAILRW2QJ0B7,Email
e568,2022-10-08,MAIL29VQHP4S,Email
e569,2022-10-09,MAILX3C94QBJ,Email
e570,2022-10-10,MAIL8H5JW4KS,Email
e571,2022-10-11,MAILW9H8T5YU,Email
e572,2022-10-11,MAIL5DN8G2KL,Email
e573,2022-10-12,MAIL7ZB9PYTK,Email
e574,2022-10-13,MAILN3H6F2VW,Email
e575,2022-10-14,MAIL6J5HV9QT,Email
e576,2022-10-15,MAILE2PH9KLX,Email
e577,2022-10-16,MAILF7PJ6ZYW,Email
e578,2022-10-17,MAIL8V3QZ1LD,Email
e579,2022-10-17,MAILP9FQS43B,Email
e580,2022-10-18,MAILQ8JK37AP,Email
e581,2022-10-18,MAILPW8X45HT,Email
e582,2022-10-19,MAILR3ZQ9WLU,Email
e583,2022-10-20,MAILV2ZD1UPR,Email
e584,2022-10-21,MAILE239KLUF,Email
e585,2022-10-21,MAILMA9W7XEG,Email
e586,2022-10-22,MAILH7R2C4U5,Email
e587,2022-10-23,MAILNQQYZX18,Email
e588,2022-10-23,MAILE6TX4Q1R,Email
e589,2022-10-23,MAIL8T3FJU60,Email
e590,2022-10-23,MAILTQ7PA5ZB,Email
e591,2022-10-24,MAILZR8ML7J2,Email
e592,2022-10-25,MAIL9N2HEX0T,Email
e593,2022-10-26,MAILE41CX7KG,Email
e594,2022-10-27,MAILTW19SD3L,Email
e595,2022-10-28,MAIL5A8QNCXL,Email
e596,2022-10-29,MAILQ7KLV49B,Email
e597,2022-10-29,MAILE35NQ78J,Email
e598,2022-10-30,MAILB60XNYAP,Email
e599,2022-10-31,MAIL4UJ9KW3R,Email
e600,2022-11-01,MAILV35AJ6FZ,Email
e601,2022-11-02,MAILEI7H24VB,Email
e602,2022-11-03,MAILHK7F49Q2,Email
e603,2022-11-04,MAILG82KDRU5,Email
e604,2022-11-05,MAIL5X3D9LQB,Email
e605,2022-11-06,MAILPYQ7J93X,Email
e606,2022-11-07,MAIL8Q2KORLF,Email
e607,2022-11-08,MAIL197ZNXAL,Email
e608,2022-11-09,MAILTLQWDS18,Email
e609,2022-11-10,MAILK9JD32LM,Email
e610,2022-11-11,MAIL1FHVMW8S,Email
e611,2022-11-13,MAILWGQ0BZ68,Email
e612,2022-11-15,MAIL3XME9VQD,Email
e613,2022-11-18,MAILWRF47QLB,Email
e614,2022-11-19,MAILJ8BKQ1XM,Email
e615,2022-11-20,MAILRG4V9ZX1,Email
e616,2022-11-23,MAILD9A6ZN2R,Email
e617,2022-11-25,MAILEV72RC4S,Email
e618,2022-11-27,MAIL5PGJQ2CL,Email
e619,2022-11-28,MAIL44GJP7SA,Email
e620,2022-11-29,MAILVK9RFT38,Email
e621,2022-12-02,MAILAXZ4U78N,Email
e622,2022-12-04,MAILWP6D91QZ,Email
e623,2022-12-05,MAILE9ZL73P1,Email
e624,2022-12-09,MAILU7J356PH,Email
e625,2022-12-13,MAILE3N24GVH,Email
e626,2022-12-15,MAIL0Z58QPLH,Email
e627,2022-12-15,MAILQ2X7SYDJ,Email
e628,2022-12-16,MAIL95VBQFEL,Email
e629,2022-12-17,MAILA3VQZ2HK,Email
e630,2022-12-18,MAILY7B9HNQP,Email
e631,2022-12-20,MAIL2CPJ4LQS,Email
e632,2022-12-21,MAILQ9TX48NP,Email
e633,2022-12-22,MAILT4Y9MBP8,Email
e634,2022-12-23,MAILHY36TQ91,Email
e635,2022-12-25,MAIL6QTU93ND,Email
e636,2022-12-26,MAIL89DJW2LB,Email
e637,2022-12-27,MAILA3V97WRS,Email
e638,2022-12-27,MAIL57J2MCFX,Email
e639,2022-12-28,MAIL8AP9CTYS,Email
e640,2022-12-29,MAILYZ6R3JKQ,Email
e641,2022-12-30,MAILF29YHQMP,Email
e642,2022-12-31,MAILLYG84X1E,Email
e643,2023-01-01,MAIL92TDH73A,Email
e644,2023-01-02,MAILPD5J8VNE,Email
e645,2023-01-03,MAILW8952NCM,Email
e646,2023-01-04,MAILY378GHT9,Email
e647,2023-03-10,MAIL7G5S23LV,Email
e648,2023-03-11,MAILSB28Y9L4,Email
e649,2023-03-12,MAIL9FT2V1EK,Email
e650,2023-03-13,MAIL6TXUY5ZA,Email
e651,2023-03-13,MAILA9N73SXY,Email
e652,2023-03-15,MAILGH25J3X1,Email
e653,2023-03-17,MAIL4X81GTYS,Email
e654,2023-03-19,MAILEI6Q9MPY,Email
e655,2023-03-20,MAILXK27Z50S,Email
e656,2023-03-22,MAIL2DRFJPQ8,Email
e657,2023-03-24,MAILPQM8YRF2,Email
e658,2023-03-25,MAILX7K21VLQ,Email
e659,2023-03-27,MAILWK92N3Q6,Email
e660,2023-03-30,MAILE8F2W7CZ,Email
e661,2023-03-31,MAILPTN834V5,Email
e662,2023-03-31,MAILR5W8Q2LP,Email
e663,2023-04-03,MAILWD9CX3N2,Email
e664,2023-06-01,MAIL9ANQLZ10,Email
e665,2023-06-04,MAIL4V7C3BH2,Email
e666,2023-06-04,MAILML6S7A9K,Email
e667,2023-06-05,MAILW5Q9JMB7,Email
e668,2023-06-06,MAIL8KD1WZ36,Email
e669,2023-06-09,MAILC58DQ7L2,Email
e670,2023-06-10,MAIL76DW9PQE,Email
e671,2023-06-12,MAILE5W3N2F7,Email
e672,2023-06-13,MAILE9U2V5XR,Email
e673,2023-06-19,MAIL8NWZ52QF,Email
e674,2023-06-20,MAIL7TJ8V6PY,Email
e675,2023-06-22,MAIL5A4LJ7WM,Email
e676,2023-06-26,MAIL9V4PKLWB,Email
e677,2023-06-29,MAILP3KWLGX4,Email
e678,2023-06-30,MAIL6PLJ3XNV,Email
e679,2023-07-01,MAILQ63YAZXR,Email
e680,2023-07-01,MAILNM23ZBVP,Email
e681,2023-07-02,MAILYL8F5QND,Email
e682,2023-07-03,MAILR7B6SWFQ,Email
e683,2023-07-03,MAILA23XVS9P,Email
e684,2023-07-05,MAILH42K8XNP,Email
e685,2023-07-06,MAIL98JSK54W,Email
e686,2023-07-07,MAILP8FW6BZH,Email
e687,2023-07-08,MAILE7BP4F9A,Email
e688,2023-07-10,MAIL3NR7YBQA,Email
e689,2023-07-12,MAIL9P5JN3XA,Email
e690,2023-07-13,MAILM7RW82KT,Email
e691,2023-07-14,MAILRU72Y3XA,Email
e692,2023-07-15,MAIL7APXD51V,Email
e693,2023-07-15,MAILU3JK9YQ2,Email
e694,2023-07-16,MAIL4BJ6WD92,Email
e695,2023-07-17,MAILCMJ9P1BX,Email
e696,2023-07-18,MAILJM84VK1Q,Email
e697,2023-07-19,MAILR4TB9SCM,Email
e698,2023-07-20,MAILF5Q3ZK8J,Email
e699,2023-07-21,MAILT9G7B2QW,Email
e700,2023-07-21,MAILA3G1XQ5W,Email
e701,2023-07-22,MAIL95QLTX1E,Email
e702,2023-07-23,MAIL7KZ5W4NR,Email
e703,2023-07-24,MAILQ2SJ6APZ,Email
e704,2023-07-25,MAILE8QWS31R,Email
e705,2023-07-26,MAILP8J4TCYV,Email
e706,2023-07-26,MAIL3HJLQ56N,Email
e707,2023-07-27,MAILTS25X8NH,Email
e708,2023-07-27,MAILV97TLKJX,Email
e709,2023-07-28,MAILQ82JW0LN,Email
e710,2023-07-29,MAILW8JGZP21,Email
e711,2023-07-30,MAILZB48MSDG,Email
e712,2023-07-31,MAIL1KB2GQM7,Email
e713,2023-08-01,MAILRQ53LPZD,Email
e714,2023-08-01,MAIL3NLVGRM2,Email
e715,2023-08-02,MAIL9DKQPZ1T,Email
e716,2023-08-02,MAIL7KJQ1LZV,Email
e717,2023-08-02,MAILJ2PQ79WK,Email
e718,2023-08-03,MAIL5XK8D7QP,Email
e719,2023-08-04,MAILV85PBYQG,Email
e720,2023-08-05,MAILF3W9SZQK,Email
e721,2023-08-06,MAIL9YT7X4SB,Email
e722,2023-08-07,MAILX2THR8NV,Email
e723,2023-08-08,MAIL84TGV1JP,Email
e724,2023-08-08,MAILK7B9R2XZ,Email
e725,2023-08-09,MAILD3NYV84K,Email
e726,2023-08-10,MAIL4X9KGVL7,Email
e727,2023-08-11,MAILFT49BKVC,Email
e728,2023-08-12,MAILX3Z7YQSD,Email
e729,2023-08-13,MAIL71KWSZ0L,Email
e730,2023-08-14,MAILNC67B2TQ,Email
e731,2023-08-14,MAILPR85GYJ1,Email
e732,2023-08-15,MAILE4UP7JQK,Email
e733,2023-08-16,MAILUW68TRMS,Email
e734,2023-08-18,MAILB6U8GQ5V,Email
e735,2023-08-20,MAILEK8N2VC5,Email
e736,2023-08-21,MAILY2TUEXC9,Email
e737,2023-08-23,MAIL8SJ5VYR2,Email
e738,2023-08-25,MAILR8T4Q6WM,Email
e739,2023-08-28,MAIL2ZRL45TY,Email
e740,2023-08-30,MAIL9T83NZVC,Email
e741,2023-09-01,MAILQ3X584SC,Email
e742,2023-09-03,MAILR6N2V5TJ,Email
e743,2023-09-04,MAIL9D5LZ7HS,Email
e744,2023-09-06,MAILMJH8QW25,Email
e745,2023-09-11,MAIL6BKZ2SGE,Email
e746,2023-09-12,MAIL8NFP2QLK,Email
e747,2023-09-14,MAILF4G9Q3LW,Email
e748,2023-09-16,MAIL91BZ7CKX,Email
e749,2023-09-18,MAIL3PQ98MZS,Email
e750,2023-09-20,MAILNL85K7YZ,Email
e751,2023-09-21,MAILE0M162KQ,Email
e752,2023-09-22,MAIL4B69XPD1,Email
e753,2023-09-23,MAIL56PQKLA9,Email
e754,2023-09-24,MAIL1X8KF7Z0,Email
e755,2023-09-24,MAILT39S5WQH,Email
e756,2023-09-28,MAIL7NM3LWH2,Email
e757,2023-09-30,MAILEZL7P8QX,Email
e758,2023-10-01,MAILDQ62P5RL,Email
e759,2023-10-03,MAIL96JUYQW2,Email
e760,2023-10-05,MAILVJ2S7EWP,Email
e761,2023-10-07,MAILF2LZVA97,Email
e762,2023-10-08,MAIL3QDJ12LC,Email
e763,2023-10-09,MAIL7A59VD13,Email
e764,2023-10-10,MAILE4KRY8PZ,Email
e765,2023-10-10,MAILPLK47GFY,Email
e766,2023-10-12,MAILRS58KYFJ,Email
e767,2023-10-14,MAIL8F24RXLC,Email
e768,2023-10-16,MAIL81R3QK2W,Email
e769,2023-10-17,MAILAL20CYF9,Email
e770,2023-10-19,MAILEJ529TR8,Email
e771,2023-10-20,MAILK29R5J8F,Email
e772,2023-10-21,MAILYH42CDLQ,Email
e773,2023-10-22,MAILV8T61QRP,Email
e774,2023-10-23,MAILT0X9PNLU,Email
e775,2023-10-23,MAILPJ6R32YQ,Email
e776,2023-10-24,MAIL7XYJ20PE,Email
e777,2023-10-25,MAIL9Z4KRQHT,Email
e778,2023-10-26,MAILC5T8RGBA,Email
e779,2023-11-01,MAIL5PE2ZRXH,Email
e780,2023-12-14,MAIL2SYFJ6LZ,Email
e781,2023-12-15,MAILQ9M5BZT2,Email
e782,2023-12-16,MAILF2J48YNB,Email
e783,2023-12-17,MAILEJ2XP6QW,Email
e784,2023-12-18,MAILN7H3DJ5Q,Email
e785,2023-12-22,MAILP4S7K3YT,Email
e786,2023-12-24,MAILT6Y4NMVE,Email
e787,2023-12-27,MAILY4L9M8CV,Email
e788,2023-12-27,MAILPMJE8R2Y,Email
e789,2023-12-29,MAIL6K3TJDZ8,Email
e790,2023-12-31,MAIL4H7KJ9LP,Email
e791,2024-01-01,MAILV8F3Q2ZM,Email
e792,2024-01-02,MAILM3XN8V7A,Email
e793,2024-01-02,MAILGD42HVTQ,Email
e794,2024-01-04,MAILW5YXB8TP,Email
e795,2024-01-05,MAILZA3QXJ9U,Email
e796,2024-01-06,MAILGU23LVSQ,Email
e797,2024-01-07,MAILE2Q9RKJT,Email
e798,2024-01-08,MAILLA5KXQ9C,Email
e799,2024-01-09,MAILV49LSB1P,Email
e800,2024-01-10,MAIL8YXFUJQZ,Email
e801,2024-01-11,MAILK57ZCBRU,Email
e802,2024-01-13,MAIL3R8KYPD2,Email
e803,2024-01-14,MAILGXKWPZ31,Email
e804,2024-01-14,MAILB7FWTQ8M,Email
e805,2024-01-15,MAILT39FWZ1L,Email
e806,2024-01-16,MAIL2VQX3PSL,Email
e807,2024-01-17,MAILEQ79YPS2,Email
e808,2024-01-18,MAIL8SYV02GJ,Email
e809,2024-01-19,MAIL0DF8VX1E,Email
e810,2024-01-20,MAILKRZ23VX4,Email
e811,2024-01-20,MAIL37LABM0U,Email
e812,2024-01-21,MAILEZ68KPWS,Email
e813,2024-01-23,MAILN472KX08,Email
e814,2024-01-24,MAILRB21JUV7,Email
e815,2024-01-25,MAILV47BPSZI,Email
e816,2024-01-26,MAIL2QJ5NTL9,Email
e817,2024-01-26,MAILE89ZTQPAR,Email
e818,2024-01-27,MAIL43JMVK1S,Email
e819,2024-02-25,MAILB56JOVP2,Email
e820,2024-02-26,MAILZ2CRF781,Email
e821,2024-02-27,MAILTD92C4WS,Email
e822,2024-02-28,MAILD8W1N37P,Email
e823,2024-02-28,MAILSCYN52RQ,Email
e824,2024-02-29,MAIL59GYC43V,Email
e825,2024-03-03,MAILM2GV65RT,Email
e826,2024-03-04,MAILE9QG712B,Email
e827,2024-03-06,MAILQ59LWVBC,Email
e828,2024-03-07,MAILE5UN63XD,Email
e829,2024-03-07,MAILTP7GD2RH,Email
e830,2024-03-09,MAILJW4QK1ZL,Email
e831,2024-03-10,MAILNQ93B7FL,Email
e832,2024-03-11,MAIL93WPFG2L,Email
e833,2024-03-12,MAILGV2HE4JM,Email
e834,2024-03-13,MAIL8HVW3T6P,Email
e835,2024-03-13,MAILL4QTKH93,Email
e836,2024-03-13,MAILE8WPG5RV,Email
e837,2024-04-16,MAILCB38Y4ZT,Email
e838,2024-04-18,MAILY56H2QMV,Email
e839,2024-04-19,MAILD6F4P5J3,Email
e840,2027-02-29,MAIL94KGH2PL,Email
e841,2027-02-29,MAILEQ9P6T3V,Email
e842,2024-04-20,MAILQJ43G79D,Email
e843,2024-04-20,MAIL9K47V2HQ,Email
e844,2024-04-20,MAILF3X2B8GV,Email
e845,2024-04-21,MAILV6R52D4A,Email
e846,2024-04-22,MAIL7J5Q4L2P,Email
e847,2024-04-22,MAIL6JGT2PDR,Email
e848,2024-04-23,MAIL9WY3K8SV,Email
e849,2024-04-23,MAILEX83T5QP,Email
e850,2024-04-23,MAIL2LQP8HYS,Email
e851,2024-04-24,MAILA36CG8YP,Email
e852,2024-04-24,MAIL5KT3R8LQ,Email
e853,2024-04-25,MAIL4D2P9TQS,Email
e854,2024-04-26,MAIL7KZ9LCQS,Email
e855,2024-04-27,MAILU4VPT9XE,Email
e856,2024-04-29,MAILHV735LMB,Email
e857,2024-05-02,MAILJKL983WD,Email
e858,2024-05-03,MAILET9X6LZA,Email
e859,2024-05-04,MAILY8WN5H2Q,Email
e860,2024-05-05,MAIL5G9PL1QW,Email
e861,2024-05-06,MAILME92AT1F,Email
e862,2024-05-07,MAIL4EB6NHQP,Email
e863,2024-05-09,MAIL38XKWLSJ,Email
e864,2024-05-10,MAILTX5ZCY80,Email
e865,2024-05-11,MAILRN47DLP6,Email
e866,2024-05-12,MAILR0S7HCD8,Email
e867,2024-05-17,MAILY4K39PJL,Email
e868,2024-05-20,MAILVQ230FGL,Email
e869,2024-05-22,MAILAG52RJKT,Email
e870,2024-05-23,MAILWH49XZJL,Email
e871,2024-05-24,MAILRA8YZ41M,Email
e872,2024-05-25,MAILKP3J72ZA,Email
e873,2024-05-27,MAILZ59UNGJQ,Email
e874,2024-05-28,MAILEP8XJ24A,Email
e875,2024-05-30,MAILS4PQW3MC,Email
e876,2024-06-01,MAILUY3M4DWS,Email
e877,2024-06-03,MAILFVW39PQ8,Email
e878,2024-06-03,MAILBJG7X254,Email
e879,2024-06-04,MAIL3AQM2KVS,Email
e880,2024-06-05,MAIL7ZK8QJ1A,Email
e881,2024-06-07,MAIL9MNLQ7VY,Email
e882,2024-06-09,MAILE8J45LMC,Email
e883,2024-06-10,MAIL4GJ9K7QS,Email
e884,2024-06-13,MAILU7HD4CFE,Email
e885,2024-06-15,MAIL1A7PV9XK,Email
e886,2024-06-17,MAIL7VJ2E8MC,Email
e887,2024-06-18,MAIL8QX2R5LJ,Email
e888,2024-06-20,MAIL62VJZD1M,Email
e889,2024-06-21,MAILF123TJQM,Email
e890,2024-06-26,MAILZP5D6XTK,Email
e891,2024-06-29,MAILD7ZK29PU,Email
e892,2024-07-01,MAIL2F7JNKQ1,Email
e893,2024-07-02,MAILK31XPZJ9,Email
e894,2024-07-04,MAIL4X7ZG5JQ,Email
e895,2024-07-06,MAILE8J72XRC,Email
e896,2024-07-10,MAILTX57UJKS,Email
e897,2024-09-13,MAILMWL5R81J,Email
e898,2024-09-14,MAILQA9L2DCR,Email
e899,2024-09-16,MAIL7Z6LCTYX,Email
e900,2024-09-17,MAIL4FJ7RC8G,Email
e901,2024-09-17,MAILA5B3KZJH,Email
e902,2024-09-19,MAIL29NVZQSM,Email
e903,2024-09-21,MAILEJ8R2L0O,Email
e904,2024-09-23,MAIL2Z9N6DYP,Email
e905,2024-09-25,MAILU7V4L2NP,Email
e906,2024-09-28,MAILY3SNV6RP,Email
e907,2024-09-29,MAILX4C2JKL5,Email
e908,2024-10-01,MAILEX5V7NDQ,Email
e909,2024-10-04,MAIL1X92FCL8,Email
e910,2024-10-05,MAIL4T8N2RSA,Email
e911,2024-10-07,MAILG3F9H2L7,Email
e912,2024-10-07,MAIL3H2XPQWL,Email
e913,2024-10-07,MAILH9T7SZKD,Email
e914,2024-10-08,MAILE8X2JAG4,Email
e915,2024-10-09,MAILW37HSL9P,Email
e916,2024-10-09,MAILF9V8KM32,Email
e917,2024-10-10,MAIL9JQZ2M8K,Email
e918,2024-10-11,MAILA4YK9N6M,Email
e919,2024-10-11,MAILD89K7XY2,Email
e920,2024-10-11,MAILN71P8SZM,Email
e921,2024-10-11,MAILY83K7PQJ,Email
e922,2024-10-11,MAILU8S6JV3L,Email
e923,2024-10-12,MAILJ6Q3E1YZ,Email
e924,2024-10-12,MAILW5R3X2GH,Email
e925,2024-10-13,MAIL9DS4K1QM,Email
e926,2024-10-14,MAIL3JX7T2SA,Email
e927,2024-10-14,MAIL7RZ6PWQD,Email
e928,2024-10-15,MAILT8E1U6PX,Email
e929,2024-10-15,MAIL4LD7VT9X,Email
e930,2024-10-17,MAIL3XK4YD7P,Email
e931,2024-10-18,MAILE1V9B4WF,Email
e932,2024-10-22,MAILG2Q9PW7M,Email
e933,2024-10-23,MAILT3ZN2GFM,Email
e934,2024-11-09,MAIL7QBL1U2Z,Email
e935,2024-11-10,MAIL4MNF1G7P,Email
e936,2024-11-11,MAILU59T2GKL,Email
e937,2024-11-12,MAILN19PG59M,Email
e938,2024-11-13,MAILA94TJ7NU,Email
e939,2024-11-14,MAIL03VUWEN4,Email
e940,2024-11-15,MAILE7LKQC41,Email
e941,2024-11-15,MAILD5ULQ76E,Email
e942,2024-11-16,MAILA6V1DT3X,Email
e943,2024-11-17,MAILCJ4L6TV2,Email
e944,2024-11-18,MAILZ8XRV31W,Email
e945,2024-11-19,MAILL2QG8M5V,Email
e946,2024-11-20,MAILW4NFVZ7B,Email
e947,2024-11-21,MAILQ7H2PLVK,Email
e948,2024-11-21,MAILV2M5CZL3,Email
e949,2024-11-22,MAIL19HFSELQ,Email
e950,2024-11-23,MAIL01ZB5KXT,Email
e951,2024-11-24,MAILF8G1ZR25,Email
e952,2024-11-30,MAIL82VCW3QZ,Email
e953,2025-01-05,MAILD72V98QL,Email
e954,2025-01-07,MAILE7FGQK51,Email
e955,2025-01-08,MAILQ7BV4P3K,Email
e956,2025-01-08,MAILDL87T4BF,Email
e957,2025-01-09,MAIL9F5B72RV,Email
e958,2025-01-11,MAILQ29JMV7Y,Email
e959,2025-01-15,MAIL5VC3WL07,Email
e960,2025-01-17,MAIL4YX29MKV,Email
e961,2025-01-18,MAILJ8Q5MLR2,Email
e962,2025-01-19,MAILA9X6VJ3M,Email
e963,2025-01-19,MAILV7PSF4X9,Email
e964,2025-01-19,MAIL58Y6QKZ1,Email
e965,2025-01-21,MAILRF2KDS3Q,Email
e966,2025-01-22,MAILT4SDM98Q,Email
e967,2025-01-23,MAIL4PGU1BMC,Email
e968,2025-01-25,MAIL6VZNM37Q,Email
e969,2025-01-25,MAILOK92LX8Z,Email
e970,2025-01-26,MAILQ8BZ7LT5,Email
e971,2025-01-27,MAILTG81JX2A,Email
e972,2025-01-28,MAIL18ZN4HJV,Email
e973,2025-02-26,MAILE8GV1TYL,Email
e974,2025-02-27,MAILLWZY5QPF,Email
e975,2025-02-28,MAILLS8J07PK,Email
e976,2025-03-01,MAILN4H2KQWX,Email
e977,2025-03-05,MAIL7ZM2RKHL,Email
e978,2025-03-06,MAIL937KWQDM,Email
e979,2025-03-07,MAILBPC46YNV,Email
e980,2025-03-08,MAIL3YQKZNPH,Email
e981,2025-03-09,MAILEKQZN4X2,Email
e982,2025-03-10,MAILB23Q7NHF,Email
e983,2025-03-11,MAILP7QL5DN2,Email
e984,2025-03-12,MAILR6GJ2PQL,Email
e985,2025-03-13,MAIL58ZV0QTR,Email
e986,2025-03-13,MAIL82NsHXJ9,Email
e987,2025-03-13,MAILG7Y25QBR,Email
e988,2025-03-14,MAIL2JQ3DHZK,Email
e989,2025-03-14,MAILE4TG9K7X,Email
e990,2025-03-16,MAILA2GJ7RK0,Email
e991,2025-03-17,MAILW4QX2NLM,Email
e992,2025-03-18,MAILK7D2QP83,Email
e993,2025-03-19,MAILQ1XF4B7D,Email
e994,2025-03-19,MAILT8XP1R5V,Email
e995,2025-03-20,MAILZX8M4TYQ,Email
e996,2025-03-21,MAILV7L59CDA,Email
e997,2025-03-22,MAILY4S9TF23,Email
e998,2025-03-23,MAILP7K2JQXL,Email
e999,2025-03-25,MAILE1Z7CFU8,Email
e1000,2025-03-25,MAIL9VY4MHG2,Email
e1001,2025-03-26,MAILWL9T3R52,Email
e1002,2025-03-27,MAILDYQ4G2M7,Email
e1003,2025-03-28,MAILQ52L8ASN,Email
e1004,2025-03-29,MAIL82ZNVC4R,Email
e1005,2025-03-30,MAILES87QK23,Email
e1006,2025-03-31,MAIL32B5JCQY,Email
