:ID,mergeConfidence,mergedFrom,methodName,:LABEL
me1,,,temporal embeddings,Method
me2,0.9185,['me9'],historical lexicons for language change,Method
me4,,,BERT,Method
me5,,,GPT,Method
me6,,,LSTM,Method
me7,,,CRFs,Method
me8,,,evaluation methods that focus on interpretability,Method
me10,0.7597,['me64'],methods for interpretability (model explanations),Method
me11,,,alignment methods,Method
me12,0.842,['me23'],chronological split (decade-based split),Method
me13,,,random split,Method
me14,0.8096,['me20'],traditional lexicon-based approaches (lexicon-based methods),Method
me15,0.8108,"['me3', 'me50']",Transformer-based language model (Transformer models),Method
me16,,,diachronic variants of BERT,Method
me17,,,model-agnostic methods,Method
me18,,,LIME,Method
me19,,,SHAP,Method
me21,,,temporal saliency mapping,Method
me22,,,attention visualization techniques in Transformer architectures,Method
me24,,,preprocessing approaches,Method
me25,,,post-hoc interpretability approaches,Method
me26,,,standardizing metadata fields,Method
me27,,,deduplication,Method
me28,,,lowercasing,Method
me29,,,removal of extraneous symbols,Method
me31,,,Tesseract,Method
me32,,,ocropy,Method
me33,,,Project LaVa,Method
me35,,,correction workflow,Method
me36,,,metadata mapping system,Method
me37,,,unified mapping system for metadata standardization,Method
me38,0.7765,['me46'],dual mapping system for metadata standardization (dual mapping schema),Method
me41,,,metadata harmonization,Method
me42,,,interpretability tools,Method
me44,,,interpretability outputs on raw versus post-OCR-corrected text,Method
me45,,,metadata mapping,Method
me48,,,post-processing,Method
me49,,,manual verification,Method
me51,,,chronology prediction,Method
me52,0.8087,"['me53', 'me59']",transfer evaluation between datasets (cross-dataset transfer),Method
me54,,,annotation pipeline,Method
me55,,,baseline model configuration,Method
me56,,,fine-tuned transformer,Method
me57,,,token-level encoder,Method
me58,,,page-level encoder,Method
me60,0.9043,['me61'],overfitting mitigation techniques (regularization techniques),Method
me62,,,ablation summaries,Method
me63,,,alternative transfer settings,Method
me65,,,interpretability analyses,Method
me66,,,visualizing qualitative themes,Method
me67,,,heatmaps overlaid with representative vignette quotes,Method
me68,,,side-by-side faithfulness/clarity ratings,Method
me69,,,exemplar visualizations,Method
me70,,,supplemental figure for evaluation section,Method
me71,,,faithfulness/clarity heatmaps,Method
me72,,,representative vignettes for “best case” and “edge case” explanations,Method
me73,,,bar charts showing breakdowns of willingness scores by document artifact severity,Method
me74,,,bar chart breakdown of willingness scores by OCR artifact severity,Method
me75,,,vignette figure,Method
me76,0.8444,"['me77', 'me80']",viridis palette in matplotlib,Method
me78,,,plasma,Method
me79,,,matplotlib,Method
me81,,,contrasting orange outline for the Document F edge case,Method
me82,,,"artifact severity bins (low, medium, high)",Method
me83,,,hybrid approach combining quantitative threshold and qualitative ranking,Method
me85,,,"Descriptive statistics for class distribution (substitution, insertion, deletion, segmentation errors)",Method
me86,,,Annotator-wise confusion matrices for each error type,Method
me87,,,short appendix with illustrative cases per error class,Method
me88,,,Source archive and permission metadata extraction from IACS and British Library records,Method
me89,,,pipeline scripts,Method
me90,,,technical validation scripts,Method
me92,,,technical validation procedures,Method
me94,,,language identification,Method
me96,,,topic modeling,Method
me98,,,Domain Adaptation,Method
me99,,,Evaluation Metrics,Method
me100,,,Historical NER,Method
me101,,,topic annotation,Method
me102,0.8471,"['me107', 'me131']",genre segmentation methodology (genre segmentation protocol),Method
me103,0.8789,['me95'],NER annotation,Method
me104,,,open-heritage data management standards,Method
me105,,,CLARIN’s recommendations for digital cultural heritage,Method
me106,,,Europeana’s recommendations for digital cultural heritage,Method
me108,,,annotation discrepancy table,Method
me109,0.896,['me122'],hyperlink verification in the compliance appendix (hyperlink verification across operating systems),Method
me110,,,annotation edge cases handling,Method
me111,,,responsible downstream use guidance,Method
me112,,,citing specific licensing statements,Method
me113,,,collating updated sections into master camera-ready document,Method
me114,,,drafting response letter addressing each reviewer point,Method
me115,,,hyperlink syntax correction for DOI links,Method
me116,,,annotated checklist,Method
me117,,,Ethical Considerations section additions,Method
me118,,,draft caption for Fig. 3,Method
me119,,,camera-ready document preparation,Method
me120,,,response letter cross-referencing file locations for edits,Method
me121,,,supplementary project webpage materials,Method
me123,,,minor grammar tweaks to caption text,Method
me124,,,uploading files to shared Minor_Revisions folder,Method
me125,,,uploading revised manuscript and response letter to JOCCH system,Method
me126,,,circulating additional thoughts via email,Method
me127,,,referencing CLARIN standards,Method
me128,,,referencing Europeana standards,Method
me129,,,hyperlink compliance appendix checking,Method
me130,,,project webpage update,Method
me132,,,NER ambiguity analysis,Method
me133,0.8259,"['me456', 'me503', 'me505', 'me91']",Inter-Annotator Agreement (IAA) Metrics (inter-annotator agreement metrics),Method
me134,,,annotation policy adjustments,Method
me135,0.9132,['me136'],data stewardship guidelines from CLARIN (responsible use guidelines from CLARIN),Method
me137,0.962,['me138'],data stewardship guidelines from Europeana (responsible use guidelines from Europeana),Method
me139,,,licensing mandates stated by the Bengali and English source archives,Method
me140,,,JOCCH’s open heritage standards,Method
me141,,,Accessibility Checker (Adobe Acrobat),Method
me142,0.8363,"['me210', 'me249', 'me254', 'me364', 'me39', 'me410', 'me474', 'me509', 'me97']",open and reproducible NLP for historical texts,Method
me143,,,NER Methodology,Method
me144,0.7751,['me162'],name normalization-OCR pipeline linkage,Method
me145,0.8085,"['me150', 'me152', 'me252', 'me30', 'me323', 'me326', 'me34', 'me388', 'me390', 'me40', 'me43', 'me47']",integrating an OCR correction tool,Method
me146,,,annotation guidelines for entity disambiguation,Method
me147,,,entity disambiguation protocol,Method
me148,,,historical OCR post-processing pipeline,Method
me149,,,post-OCR workflow,Method
me151,,,token-level standardization,Method
me153,,,accessibility re-tagging,Method
me154,,,tagged PDF verification,Method
me155,0.7994,['me161'],batch processing via Acrobat scripting,Method
me156,,,ACM accessibility guidelines,Method
me157,,,embedded table tagging,Method
me158,,,iterative re-tagging of Tables 3 and 5 in the source LaTeX files,Method
me159,,,PAC 2019,Method
me160,,,Adobe Acrobat checker tools,Method
me163,,,Bengali-English entity alignment,Method
me164,,,normalization processes,Method
me165,,,reproducibility guidelines,Method
me166,,,project management and communication logistics,Method
me167,0.7831,['me180'],reproducibility frameworks,Method
me168,,,Comprehensive metadata capture and version control for evolving historical corpora,Method
me169,,,Standardized documentation templates,Method
me170,,,automating provenance tracking across text normalization and alignment pipelines,Method
me171,,,corpus normalization,Method
me172,,,version control scripts,Method
me173,0.8213,"['me377', 'me93']",multilingual OCR,Method
me174,,,annotation,Method
me175,,,cross-lingual entity alignment,Method
me176,,,reproducibility practices,Method
me177,,,project management in distributed teams,Method
me178,,,cross-corpus metadata normalization,Method
me179,,,cross-lingual entity normalization methods,Method
me181,0.8423,['me335'],FAIR Principles section,Method
me182,,,metadata schema harmonization,Method
me183,,,overall slide deck integration,Method
me184,0.787,['me192'],rule-based string matching (string matching methods),Method
me185,,,neural string matching,Method
me186,,,Levenshtein distance,Method
me187,,,BERT-based alignment,Method
me188,,,FastText embeddings,Method
me189,,,rule-based methods,Method
me190,,,neural methods,Method
me191,,,FastText embedding strategies,Method
me193,,,entity normalization,Method
me194,,,reproducibility,Method
me195,,,FAIR pipeline,Method
me196,0.7859,"['me197', 'me336', 'me337', 'me380']",multilingual and low-resource historical NLP pipelines (Multilingual NLP),Method
me198,,,FAIR workflow,Method
me199,,,risk management annotation,Method
me200,,,normalization strategies,Method
me201,,,normalization framework,Method
me202,,,reproducible workflows,Method
me203,,,scripts that would require additional requests for access,Method
me204,,,assignment of a maintenance lead,Method
me205,,,integration with platforms like Zenodo/OSF,Method
me206,,,Creative Commons (or comparable) license,Method
me207,,,CC BY,Method
me208,,,CC BY-NC,Method
me209,,,Zenodo,Method
me211,0.8128,['me472'],entity linking methods for digitized archival texts,Method
me212,,,token normalization approach,Method
me213,,,evaluation set selection logic,Method
me214,,,Transfer Learning in Low-Resource Historical Texts,Method
me215,,,Evaluation & Benchmarks,Method
me216,,,cross-lingual model,Method
me217,,,cross-lingual model transfer workflow,Method
me218,,,data de-identification using named entity masking and character scrambling,Method
me219,,,dataset access audit function,Method
me220,,,cross-lingual model transfer,Method
me221,,,data privacy and compliance process,Method
me222,0.7822,"['me596', 'me602']",robust anonymization standards,Method
me223,,,audit mechanisms,Method
me224,0.773,"['me227', 'me229']",code anchor system methodology,Method
me225,,,cross-validation setup,Method
me226,,,cell anchors,Method
me228,,,cross-lingual transfer approach,Method
me230,,,Code Anchor-Based Reviewer Navigation,Method
me231,,,anonymization pipeline,Method
me232,,,data hashing procedures,Method
me233,,,exclusion of personally identifiable information at the source,Method
me234,,,approach to managing regional digital archival consent,Method
me235,,,anchor methods subsection,Method
me236,,,anchor indices,Method
me237,,,compliance pipeline,Method
me238,,,privacy error-type,Method
me239,,,LaTeX-to-Word conversion,Method
me240,,,historical OCR noise threshold,Method
me241,,,tabu package,Method
me242,,,ACM style recommendations for multi-line cells,Method
me243,,,LaTeX table environments,Method
me244,,,anchor-based domain adaptation,Method
me245,,,reproducibility workflow,Method
me246,0.8415,['me250'],HistocrNLP—Reproducible NLP Pipeline for Historical Corpora,Method
me247,,,pipeline for South Asian historical language corpora,Method
me248,,,pipeline,Method
me251,,,comparative NLP analysis,Method
me253,,,named entity recognition,Method
me255,,,metadata anonymization,Method
me256,,,user consent documentation,Method
me257,,,annotation schemas,Method
me258,,,toolchain,Method
me259,,,GitHub Organization,Method
me260,,,IACS-drive,Method
me261,,,GitHub,Method
me262,,,metadata formats,Method
me263,,,Jupyter/Python package versions,Method
me264,,,annotated Jupyter notebooks,Method
me265,,,Python 3.10,Method
me266,,,conda environments,Method
me267,,,Docker images,Method
me268,,,Dockerfiles,Method
me269,0.9506,['me270'],Stanford-backed annotation toolkit (sequence labeling demo),Method
me271,,,cloud-based deployment,Method
me272,,,sample repository README,Method
me273,,,shared drive,Method
me274,,,technical setup instructions,Method
me275,,,sample notebook,Method
me276,,,technical documentation,Method
me277,,,checklist for group review,Method
me278,,,sequence labeling,Method
me279,,,legacy data parsing,Method
me280,,,ACL reproducibility guidelines,Method
me281,0.8146,"['me308', 'me409', 'me84']",evaluation framework (methodology),Method
me282,,,quantitative reasoning,Method
me283,,,qualitative expert assessment,Method
me284,,,UKRI/Stanford resource-sharing models,Method
me285,,,ACL resource track requirements,Method
me286,,,synthetic preview sample workflow,Method
me287,0.8281,"['me297', 'me374', 'me423', 'me431', 'me448', 'me452', 'me633']",transparent process for annotation (annotation process),Method
me288,,,manual expert vetting,Method
me289,,,protocol-driven crowdsourced validation,Method
me290,,,sampling approach,Method
me291,0.796,"['me467', 'me572']",annotation guidelines (annotation schema),Method
me292,,,embargo protocols,Method
me293,,,synthetic preview protocols,Method
me294,,,synthetic instance generation,Method
me295,,,traditional metrics,Method
me296,,,provenance-aware metrics,Method
me298,,,synthetic instance protocol,Method
me299,,,baseline annotation protocol,Method
me300,,,Protocol generalizability,Method
me301,,,provenance-aware annotation protocol,Method
me302,,,model bias approach,Method
me303,,,provenance-aware protocols,Method
me304,,,model bias,Method
me305,0.7951,"['me501', 'me599']",cross-referenced annotation workflows,Method
me306,,,provenance metadata,Method
me307,,,stratified sampling methodology,Method
me309,,,historical data provenance,Method
me310,,,bias mitigation,Method
me311,,,historical OCR error handling,Method
me312,,,tokenization stability across the multi-lingual corpora,Method
me313,,,provenance analysis,Method
me314,0.7898,['me540'],dataset licensing approach (data licensing),Method
me315,,,tokenization stability,Method
me316,,,OCR error contextualization,Method
me317,,,intrinsic evaluation strategies,Method
me318,,,extrinsic evaluation strategies,Method
me319,,,computational methods with heritage materials,Method
me320,,,computational methods applied to heritage materials,Method
me321,,,historical typeface adaptation,Method
me322,,,transformer-based post-correction approaches,Method
me324,,,Smith et al. (2021) protocol,Method
me325,0.7773,['me333'],Smith et al. (2021) approach to case study documentation (Smith et al. template),Method
me327,,,comparative protocol review,Method
me328,,,process diagram,Method
me329,,,reproducibility checklists,Method
me330,,,comparative protocol table,Method
me331,,,guideline-driven adjudication,Method
me332,,,JOCCH’s latest reproducibility checklist,Method
me334,0.7964,['me607'],workflow diagrams,Method
me338,,,harmonized press query response protocol,Method
me339,,,unified template and scenario annex,Method
me340,,,scenario-specific workflow for embargoed joint releases,Method
me341,,,RTI and regional translation contributions,Method
me342,,,integration of GDPR and EU research citation frameworks,Method
me343,,,robust framework for research and public engagement objectives,Method
me344,,,U.S. Data Governance guidelines,Method
me345,,,GDPR,Method
me346,,,EU research citation frameworks,Method
me347,,,FERPA Compliance Disclaimer,Method
me348,,,Stanford Data Use/Embargo Protocol,Method
me349,,,Michael’s disclaimers on FERPA and Stanford protocols,Method
me350,,,Ananya’s bullet-point protocols around metadata dissemination,Method
me351,,,Prof. Bhatia’s framework for the FAQ version changelog and update protocol,Method
me352,,,Embargo Policy and Citation Permissions unified section with granular sub-entries for region-specific nuances,Method
me353,0.8542,['me354'],Illustrative Metadata Disclosure Use-Cases insert (metadata use-case box),Method
me355,,,bullet-point protocol,Method
me356,,,FAQ annex components,Method
me357,,,FINAL_Integrated_FAQ_Annex_v1.1,Method
me358,,,multilingual historical NLP methods,Method
me359,,,protocol innovation for legal compliance,Method
me360,,,NLP-based framework,Method
me361,,,domain-specific language modeling,Method
me362,,,scalable digitization pipelines,Method
me363,,,language model domain adaptation workflow,Method
me365,,,metadata extraction tools,Method
me366,,,multilingual heritage model adaptation,Method
me367,0.8444,['me369'],cross-institution protocols for multilingual NLP,Method
me368,,,visualization updates,Method
me370,,,NDAI integration use case,Method
me371,,,responsible model development for cultural heritage applications,Method
me372,,,language model,Method
me373,,,document alignment model,Method
me375,,,cross-lingual approach,Method
me376,,,audio denoise filter,Method
me378,,,multi-script alignment,Method
me379,,,accessibility workflow,Method
me381,,,alignment evaluation,Method
me382,,,participant engagement methodology,Method
me383,,,breakout sessions,Method
me384,,,lightning talks format,Method
me385,,,ethical data handling in historical NLP workflows,Method
me386,,,session feedback form,Method
me387,,,ACL Demo-driven recommendations,Method
me389,,,NER modules,Method
me391,,,NER module,Method
me392,,,real-time annotation guidance,Method
me393,,,NER preprocessing,Method
me394,0.8106,['me398'],OCR preprocessing (OCR pipeline),Method
me395,,,institutional login workflows,Method
me396,,,OCR pipeline recommendations,Method
me397,,,annotated NER,Method
me399,,,comparative table on JCDL and JOCCH deadlines,Method
me400,,,historical dialect normalization,Method
me401,,,accessibility frameworks,Method
me402,0.8123,['me405'],multi-dialectal QA and normalization (dialect normalization strategies),Method
me403,,,Q&A Moderation framework,Method
me404,,,technical escalation procedures,Method
me406,,,code snippets,Method
me407,,,sample queries for historical Q&A,Method
me408,,,cross-dialectal data methodology,Method
me411,,,dialect classification approach,Method
me412,,,semi-automated pre-processing pipeline,Method
me413,0.76,['me422'],context reconstruction methods,Method
me414,0.8258,['me418'],context expansion across temporal boundaries (cross-temporal context expansion),Method
me415,,,recent ACL findings,Method
me416,,,context expansion,Method
me417,,,semantic drift evaluation,Method
me419,,,scalable benchmarking for semantic drift,Method
me420,,,context reconstruction techniques for 19th-century archive analysis,Method
me421,,,adaptation of context reconstruction techniques for multilingual newspaper corpora spanning 1850–1950,Method
me424,,,metadata-driven structuring of benchmark datasets,Method
me425,,,hybrid evaluation suite,Method
me426,,,context reconstruction adaptation,Method
me427,,,methods and metrics narratives,Method
me428,,,methodological blend,Method
me429,,,low-resource metrics,Method
me430,,,benchmark protocol,Method
me432,,,adaptation of the Smith et al. metrics,Method
me433,,,recent EMNLP benchmark,Method
me434,,,multilingual semantic drift detection framework,Method
me435,,,diachronic semantic change,Method
me436,,,digital tool integrations,Method
me437,,,"preprint archiving (arXiv, departmental repository)",Method
me438,,,corpus annotation methodology,Method
me439,,,interoperability findings,Method
me440,,,NLP pipeline,Method
me441,0.8322,['me475'],analysis of multilingual heritage corpora (historical corpus NLP),Method
me442,,,collaborative methodologies,Method
me443,,,neural models,Method
me444,0.85,['me445'],semi-supervised labeling approach for Scottish Gaelic texts,Method
me446,,,ALMA’s archival integration,Method
me447,,,expert-curated subsets,Method
me449,,,open-sourcing our models,Method
me450,,,hybrid model,Method
me451,0.8313,['me468'],participatory annotation methods,Method
me453,0.8042,['me461'],Methodology – Semantic Metrics Alignment,Method
me454,0.8036,"['me455', 'me462', 'me570']",Methodology – Error Analysis and Overall Evaluative Methodology,Method
me457,,,adjudication protocols,Method
me458,,,semantic metrics,Method
me459,,,error taxonomy,Method
me460,,,Reproducibility & Code Release,Method
me463,,,visualizations,Method
me464,,,Overleaf,Method
me465,,,official ACM JOCCH template,Method
me466,,,Google Drive,Method
me469,0.7528,['me470'],historical NLP pipelines,Method
me471,,,semantic evaluation frameworks,Method
me473,,,computational methods for historical legal corpora,Method
me476,,,adjudication work,Method
me477,,,semantic evaluation pipeline,Method
me478,,,agreement protocol,Method
me479,,,statistical metrics,Method
me480,,,semantic entity adjudication,Method
me481,,,preprocessing scripts,Method
me482,0.7871,['me619'],annotation toolkit (annotation tools),Method
me483,,,methodology visuals,Method
me484,,,figure legends,Method
me485,,,citation formatting,Method
me486,,,archiving requirements,Method
me487,,,repository submission,Method
me488,,,copyright/license forms,Method
me489,,,MIT terms,Method
me490,,,Data,Method
me491,,,Methods/Figures,Method
me492,,,codebase,Method
me493,,,code,Method
me494,,,ACM production workflow,Method
me495,,,Image asset workflow,Method
me496,,,Caption harmonization process,Method
me497,,,Coordination with ACM Production to maintain visual integrity,Method
me498,,,Visual pipeline using Lucidchart,Method
me499,,,Visual pipeline using Google Drawings,Method
me500,,,Lucidchart,Method
me502,,,compliance workflow crosswalk table,Method
me504,,,GDPR compliance workflow,Method
me506,,,Cohen’s kappa,Method
me507,,,Krippendorff’s alpha,Method
me508,,,meta-analysis scripts,Method
me510,,,harmonized annotation framework,Method
me511,,,institutional artifact annotations,Method
me512,,,summary notes on cross-institutional lessons learned,Method
me513,,,internal quality review phase,Method
me514,,,pre-submission quality review,Method
me515,,,methodological overviews,Method
me516,,,compliance strategies,Method
me517,,,artifact annotations,Method
me518,,,annotation tool validation,Method
me519,,,protocol harmonization strategies,Method
me520,,,ACL 2023 template,Method
me521,,,ACL-style BibTeX formatting,Method
me522,,,BibTeX file,Method
me523,,,code repository,Method
me524,,,mixed-script tagging,Method
me525,,,repository audit,Method
me526,,,ACL validation script,Method
me527,,,sub-dialectal code-switching pattern analysis,Method
me528,,,longitudinal adaptation studies,Method
me529,,,historic language normalization pipeline,Method
me530,,,sub-dialectal code-switching modeling,Method
me531,,,longitudinal modeling components,Method
me532,0.7541,['me543'],language normalization methodology (language normalization protocols),Method
me533,,,normalization workflows,Method
me534,,,dataset/resource note,Method
me535,,,journal extension,Method
me536,,,resource note,Method
me537,,,user study survey,Method
me538,,,normalization guidelines,Method
me539,0.8439,['me541'],agreement statistics section,Method
me542,,,multi-script retrievals,Method
me544,,,comparative licensing table,Method
me545,,,digital humanities platforms integrating machine-readable annotated corpora,Method
me546,,,HuggingFace,Method
me547,,,institutional repositories,Method
me548,,,cross-validation,Method
me549,,,meta-annotation review,Method
me550,,,normalization,Method
me551,,,meta-annotation methodology,Method
me552,,,structured meta-annotation protocol,Method
me553,,,collaborative legal governance,Method
me554,0.8108,"['me555', 'me561']",rolling embargo mechanisms (rolling embargo model),Method
me556,,,Zenodo citation best practices,Method
me557,,,structured “rolling embargo” model,Method
me558,,,Zenodo-linked workflows,Method
me559,,,embargo mechanics,Method
me560,,,Zenodo integration,Method
me562,,,Zenodo pipeline,Method
me563,,,template-driven MOU/legal correspondence,Method
me564,,,manual scripting solutions,Method
me565,,,Zenodo pipeline workflow,Method
me566,,,workflow innovations,Method
me567,,,extended methodological appendices,Method
me568,,,color schema,Method
me569,,,temporal analyses,Method
me571,,,corpus methodology,Method
me573,,,data-sharing and archival annotation protocols,Method
me574,0.8063,"['me582', 'me584']",comparative legal matrix (legal comparative table),Method
me575,,,legal notes on compliance overlap and potential ambiguities,Method
me576,,,India Data Protection Bill (2022),Method
me577,,,linguistic corpora,Method
me578,,,international collaborative annotation,Method
me579,,,public data release,Method
me580,,,international annotation,Method
me581,,,annotation metadata,Method
me583,,,appendix formatting,Method
me585,,,main methods section with in-text footnotes marking legal inflection points and extended appendix matrix,Method
me586,,,methodology for extracting cross-border annotation metrics,Method
me587,,,public compliance statement,Method
me588,,,bias mitigation and data minimization narrative,Method
me589,,,"centralized, tracked master manuscript file on Google Drive for version control",Method
me590,,,legal matrix from Japan and Chile,Method
me591,,,statistical annotations,Method
me592,,,Project-level Data Protection Impact Assessments (DPIAs),Method
me593,,,bilingual disclosure for data processed by non-resident partners,Method
me594,,,specific annotation consent forms distinguishing between archival record usage and personal cultural testimony,Method
me595,0.7806,['me601'],tiered consent structures (tiered consent protocol),Method
me597,,,"procedures for data sharing with research partners across the EU, US, and Australia",Method
me598,,,legal matrix,Method
me600,,,"shared, real-time document for coordinated writing and citation integration",Method
me603,,,contrast and synthesis subsection,Method
me604,,,policy compliance audit,Method
me605,,,bibliography harmonization,Method
me606,,,compliance diagrams,Method
me608,,,annotation section,Method
me609,0.7802,['me613'],unified glossary for recurring metadata and compliance terms,Method
me610,,,annotation metadata limitations section,Method
me611,,,provenance tables,Method
me612,,,preliminary glossary,Method
me614,,,consent revalidation,Method
me615,,,archival authority clarification,Method
me616,0.7985,"['me632', 'me636']",provenance checkpoint strategies (provenance checkpoints),Method
me617,,,systematic cross-referencing of glossary terms,Method
me618,,,embedding of workflow diagrams,Method
me620,,,stricter version-naming protocols,Method
me621,,,time-boxed editing windows,Method
me622,,,shared log of “pending vs. resolved” comments,Method
me623,,,innovative compliance protocols,Method
me624,,,metadata harmonization strategies,Method
me625,,,shared live logs,Method
me626,,,lock-down periods,Method
me627,0.7779,['me642'],reproducible template for multi-author version management (version management template),Method
me628,,,annotation and provenance toolkit,Method
me629,,,do’s and don’ts checklist,Method
me630,,,method of dealing with conflicting annotations under time constraints,Method
me631,,,compliance harmonization strategies,Method
me634,,,diagram and metadata versioning,Method
me635,,,institutional compliance setup from Oxford-IACS experience,Method
me637,,,identification of workflow bottlenecks,Method
me638,,,compliance harmonization,Method
me639,,,best-practices checklist,Method
me640,,,version management schematic,Method
me641,,,reviewer response matrix,Method
