:ID,personName,:LABEL
pn1,Sunita Sen,Person
pn2,Ramesh Bhatia,Person
pn3,Michael Bradley,Person
pn4,Ananya Chatterjee,Person
pn5,Ananya Chatterjee,Person
pn6,JCDL Communications Liaison,Person
pn7,Michael Bradly,Person
pn8,Dr Bradley,Person
pn9,Dr Chatterjee,Person
pn10,Katherine Liu,Person
pn11,Ajay Patel,Person
pn12,Dr. Liu,Person
pn13,Dr. Patel,Person
pn14,Elena Markov,Person
pn15,Dr. Markov,Person
pn16,Nanda Roy,Person
pn17,Christine Wong,Person
pn18,Laura Jenkins,Person
pn19,Christine Wong,Person
pn20,Gabriel Lee,Person
pn21,Dr. K,Person
pn22,Dr. Rodriguez,Person
pn23,Fiona K.,Person
pn24,Lisa Nguyen,Person
pn25,Arvind Narayanan,Person
pn26,Claudia Ricci,Person
pn27,Dr. Nguyen,Person
pn28,Prof. Narayanan,Person
pn29,Dr. Ricci,Person
pn30,Mirit Farag,Person
